,mom_ic,ridge_ic,lgbm_ic,ensemble_ic,lgbm_no_macro_ic
2011-12-30,-0.4712708070732378,0.3689773649010575,0.1622814669707126,0.32215817750462805,0.18933364962274832
2012-01-31,-0.14559074279405979,0.10968840391178586,-0.044074164766379445,0.03492599349775021,0.034868102212495464
2012-02-29,0.1230068971613793,-0.1689620605745244,0.017150538457221854,-0.08596491742846865,-0.03587206603306754
2012-03-30,0.3123929495858037,-0.13845900103727918,0.03622230533497439,-0.07863532785741562,-0.08218461292891799
2012-04-30,0.3215947464247367,-0.1313964970293796,-0.010933486764476912,-0.08687314762215889,-0.032626168045805724
2012-05-31,-0.04397301629293039,-0.0277294277796538,-0.0915824506984728,-0.0699049537705249,-0.052557688419064615
2012-06-29,0.18562314095120308,-0.1419455460326783,-0.10345538135791899,-0.1512310825290591,-0.1330724070450098
2012-07-31,-0.2708506962650609,0.3088762986836171,0.05761624132400714,0.21455940620171274,0.15280235410594822
2012-08-31,-0.023118267970101223,0.012140974672801178,-0.021914503953187114,-0.011830209261471315,0.009458644969469193
2012-09-28,-0.03194688250728101,0.11698610055642081,0.09308658955562425,0.12069219179828082,0.06344925995166835
2012-10-31,0.06293121436058476,-0.02684718122151844,-0.00197567663103188,-0.015486641514996064,-0.04492514784137266
2012-11-30,-0.0636806708394243,0.11382639267050718,-0.05465497310672284,0.03328907822330195,0.03746477123995682
2012-12-31,-0.016669183811383534,0.04912499740668313,0.04577571410622179,0.054365867910096434,0.059113871203180145
2013-01-31,0.17160092180800876,-0.1486687368134208,-0.07258489936648474,-0.12319046661275733,-0.06521871393395562
2013-02-28,0.12238724247245246,-0.04106848647331221,-0.040074550902496016,-0.04584638792882463,0.01981872661323852
2013-03-28,-0.043145484411461286,0.009647460251465928,0.01720715115195481,0.02803199147088888,-0.034231595245946295
2013-04-30,0.004126660688411912,-0.04188053248378656,-0.08698190920468768,-0.06850428314067523,-0.11310092160655365
2013-05-31,-0.10778420381069806,-0.013653202867220389,0.0044660370918193195,-0.0025922328816143595,-0.11433814996017751
2013-06-28,0.1424331694169259,-0.03377035860528157,0.057598694612634456,0.018744534430660872,0.02455417330692459
2013-07-31,-0.03839199438000889,0.06534472815975864,0.12019768866279648,0.10091263998540914,0.08146025569371944
2013-08-30,0.14174809420866993,0.026378669905191603,-0.04410190644382256,-0.013135799210614212,-0.0025696460051841726
2013-09-30,0.06144175788343067,0.04379531714208547,-0.0003593114254691223,0.024630643677542335,5.817214800656515e-05
2013-10-31,0.27828840757600654,-0.31945005565403795,-0.28579726307978376,-0.3353878247984356,-0.19541835997422335
2013-11-29,0.04779098141131192,-0.017414584963819223,-0.08090614956399762,-0.06004132552393144,-0.11283491583974953
2013-12-31,-0.1123012015526944,0.1661265600863943,-0.03295298039724961,0.10912464157729845,0.057234067639057876
2014-01-31,0.20339109925946494,0.055531348547014345,0.055559535112407174,0.06063473857752205,0.03909413041266827
2014-02-28,-0.1303344268958028,0.020984791970431658,-0.13876055406734258,-0.06520563265171941,-0.004400918924417619
2014-03-31,-0.34644711316407173,0.027121409921671016,-0.01900177172696755,0.005273872618363433,0.0936493336950256
2014-04-30,0.14436235870593797,-0.06510003454406858,0.005444830714876126,-0.03313863039154091,-0.051004414396554724
2014-05-30,0.0467472711303706,0.1399639762575056,0.03489149321177276,0.11716985742263843,0.038977105153752946
2014-06-30,-0.048753658905860975,0.010099341244691014,0.003676590853284605,0.0030724663126333734,-0.10418180636179823
2014-07-31,-0.027345187334454877,0.055201436368105476,-0.010531058255229965,0.02425973374716232,-0.10043410916098926
2014-08-29,0.03137883925930679,-0.2562885242021819,0.04705378899517766,-0.15059343976865833,-0.062336814956661
2014-09-30,-0.07476680211129648,-0.014095394971551121,-0.005802511166516149,0.00025931333950425474,0.01971137282403283
2014-10-31,0.10579484382873935,-0.22840178664258384,0.023793700270524274,-0.1505399580051343,-0.11086480106171093
2014-11-28,0.06326125492700027,-0.12933859839751233,0.08406660671872974,-0.05392762316241945,-0.10141062549447288
2014-12-31,0.2594356791216927,-0.19589149135798511,0.1019363512332778,-0.07470852949601456,-0.2286257767500206
2015-01-30,-0.24715067537986715,0.267331798935435,0.2752461118506755,0.3055442015542338,0.14799675452419733
2015-02-27,0.18568863189480883,-0.16157320611524778,0.14959618912176129,-0.02365400290699896,-0.06429000949280504
2015-03-31,-0.4583385959760605,0.3415117966717891,0.16073089775956184,0.30414584340688927,0.19931566011184285
2015-04-30,0.42109004867190875,-0.3674340267028053,0.030047568144336123,-0.25654337792482623,-0.21651294153382442
2015-05-29,0.06823769235410077,-0.2164529702343749,0.13073490154387155,-0.06587388567001541,-0.10739418862531373
2015-06-30,0.326874221644309,-0.13491713358435292,0.13294182780520186,0.012361279694450798,0.04519086860699589
2015-07-31,0.009723095830929904,0.0770705480966317,-0.019287837075569317,0.04868805996646773,0.082522135116407
2015-08-31,0.27129362045027006,-0.22199296534782448,0.028272974280716123,-0.10667270508192814,-0.030332936315926606
2015-09-30,-0.06296753363986653,-0.011497923985946982,0.014840851145593801,-0.002439966609087778,0.027055470259444003
2015-10-30,0.08742263951335626,0.03182225374124391,-0.06029644666625842,-0.014581801437708182,0.04750337446247866
2015-11-30,0.3348311551947199,-0.3488685485954178,0.1258011022777155,-0.14664429035178048,-0.21103560273925592
2015-12-31,0.05624036922618827,-0.1420819834612938,0.18410843374088093,0.0783294054279407,-0.11826111826111826
2016-01-29,-0.23132366568014898,0.19571669216699644,-0.05630992547828248,0.0926112875939077,-0.014633439582729644
2016-02-29,-0.26467671397681647,0.22847831958831594,0.19337713497946138,0.23510039969951185,0.14951608886144954
2016-03-31,-0.30910295911015023,0.18480027687774017,0.20938330013351425,0.22329538917718517,0.16265074402313173
2016-04-29,0.1048865831693388,0.07891547773211352,3.9690773104714484e-05,0.04576511592913536,0.017995592109678722
2016-05-31,0.37877637264491476,-0.2794429744941186,-0.27268373149055863,-0.3252234137406508,-0.1780630376880622
2016-06-30,-0.20205601611615737,0.06893358227966964,0.21857692615135146,0.16887954345744652,0.05089929495236301
2016-07-29,-0.3530416934623679,0.24866509960177532,0.230362996211933,0.2781297455018501,0.17876963133483406
2016-08-31,-0.05049641735706576,-0.03111550629507986,0.06586198454939259,0.023863485458385614,-0.03629524588002767
2016-09-30,-0.19385419967519807,0.029293429835394166,0.0037799940598083506,0.020239546002352723,-0.03379015491394539
2016-10-31,-0.2785265502412159,0.06662831595566741,0.031211330133966955,0.05132455267973188,0.019758171671538663
2016-11-30,-0.06131644829439854,-0.0781302099322266,-0.0032378523468801403,-0.04491749922717096,-0.01806314496894703
2016-12-30,-0.02152974236663754,-0.039985277067645646,-0.043174014331662375,-0.07523130464665793,0.01371720440615194
2017-01-31,-0.06707226712103923,-0.009906594095348501,0.007100758900973396,-0.012399922032722365,0.026719565098606006
2017-02-28,0.005150517376195456,-0.01336240373406207,0.1479646413139132,0.12465467892131622,0.05869307827577769
2017-03-31,0.04310972036650555,-0.1247544812566273,0.049925224317744134,-0.06442906668460255,-0.05194905713062639
2017-04-28,0.2437931255567943,-0.2837531743270293,0.2778693683208027,0.008048367567618963,-0.0027221860104902676
2017-05-31,-0.057178405424602306,0.23040248907378666,-0.005195332326067785,0.17838741591931928,0.198820200163751
2017-06-30,0.16693968183016827,-0.08416895429172067,0.006198528436284965,-0.06411035202806784,-0.046322184107286814
2017-07-31,0.08540529349038664,-0.3140803443221273,0.20579536634122367,-0.09425455654323123,-0.07909907054767198
2017-08-31,0.032879695948753306,0.09945001867877369,-0.1230406340257373,-0.022337457477770252,0.03943507565981797
2017-09-29,0.3713632111270849,-0.3856850875276937,0.32447740108987655,-0.044828190977228316,-0.14256362104522616
2017-10-31,-0.10107130266837058,-0.0010424546708308505,-0.0047817679179562814,-0.0030306081492395076,-0.007519197366252361
2017-11-30,-0.30863752261484,0.028112015019714724,-0.2541710568263009,-0.21567921213707522,-0.02427404613153116
2017-12-29,0.19956118293248135,-0.041881927596213314,-0.018108993115357595,-0.04307022983831972,-0.04658310876798272
2018-01-31,0.09152122387416506,-0.03669708897623992,0.005653172885754406,-0.031558296552508025,0.007025209806096427
2018-02-28,-0.10304821229190977,0.1590977074976544,0.0219177790928839,0.11318681059213954,0.12137079176174723
2018-03-29,-0.09475567515668433,0.09325575353424288,-0.0385554157411479,0.03603351266020458,-0.08476575594033173
2018-04-30,0.14681282342529708,-0.04687521703191577,-0.08514773149730574,-0.11036040161404893,-0.008731253846358903
2018-05-31,-0.2642434831387162,0.027610246510999796,0.09461557399667725,0.10475948886741872,0.035051436147131985
2018-06-29,-0.052276094567954894,0.02687306476080666,0.08832950941150905,0.06994022968714124,0.09925095917943456
2018-07-31,0.2839491025262174,-0.20096277060049922,-0.009642209171860998,-0.1646139488869154,-0.10064003137515508
2018-08-31,0.018679928479898248,-0.13804006051700918,-0.005361556447362866,-0.0994179903490055,0.05518976930273348
2018-09-28,-0.15615530309521733,-0.10193357686699811,-0.010035995707290581,-0.07293882755010582,-0.06179137770179441
2018-10-31,-0.1127246407994128,-0.057949257767870146,0.11737665156612456,0.03259862999402542,0.039011818792138234
2018-11-30,0.11473890508562179,-0.25623543750715483,0.014543881645106692,-0.1511497287602238,-0.09560083328820487
2018-12-31,-0.33060895718014627,0.4264039364223559,0.10458375701634279,0.33467108815770463,0.20158487597909241
2019-01-31,0.020945400095969062,-0.06739320905598972,-0.02257396600774448,-0.08659904925993703,0.010290737565192514
2019-02-28,0.2539154366715537,-0.22092067445150024,0.07659406721728024,-0.10666384694241002,-0.0671050920292877
2019-03-29,-0.24511329534070825,0.10886007614289582,-0.0657675663939395,0.041804995139068823,0.01790389915258245
2019-04-30,0.41096705231260755,-0.3054456994379043,0.2015551888823838,-0.05612474360135152,-0.07880992151871882
2019-05-31,-0.29181987168280293,0.11874920458160991,-0.16813129706225471,-0.06707196325032946,0.0157620108176901
2019-06-28,-0.05752765412159779,-0.029030650121964145,0.02993901792342772,0.0010156200130887062,0.01845025983667409
2019-07-31,0.5073604888881245,-0.5010412783130244,0.3365669210996212,-0.14262293275692992,-0.21740674607067867
2019-08-30,-0.3697689309576837,0.36091876154215746,0.29165110070195943,0.36468139981846526,0.14519165951729543
2019-09-30,-0.2737566769877053,0.28081284762441217,0.24345091556924559,0.28827495326006936,0.07914466721830259
2019-10-31,-0.2754270062238991,0.3236791274192446,0.316478579331221,0.341755375425792,0.22775487487685167
2019-11-29,-0.17116967211506384,0.03573632488540905,0.11414991222549768,0.08066559065046063,0.019979336684646215
2019-12-31,0.23430169769919768,-0.12221378721760688,-0.0021350005305754813,-0.06765369335092619,-0.001056498996432823
2020-01-31,0.22734925896229388,-0.25678018779647066,-0.20595464288486773,-0.26457296236678957,-0.09804708482917307
2020-02-28,0.36079574071230275,-0.41842774649793474,-0.34995009027343327,-0.398979930523498,-0.1084181155413761
2020-03-31,-0.19530794235715426,0.28333016897664703,0.10034113006002349,0.2009589206121425,0.18868898185548522
2020-04-30,0.04682429200862802,-0.08999265838562155,-0.16500898330688832,-0.13805373297321483,-0.10775702276886738
2020-05-29,-0.16383909680573702,0.2137390667429336,0.18494937110423296,0.1997223513943614,0.15357954315796438
2020-06-30,0.26761146992213675,-0.25437732558645637,-0.1962394777338547,-0.2438085509342705,-0.1983725851864676
2020-07-31,-0.09738042773976002,0.07522241480869617,0.11262306807663176,0.09569361098597083,0.06637079871048739
2020-08-31,0.10333647301486594,-0.14124235041044453,-0.15836500209405546,-0.15193339622470106,-0.13656663400649394
2020-09-30,0.021747575448803187,-0.0024956935185895604,-0.027779854970252406,-0.014161980977382081,-0.05367478199569203
2020-10-30,-0.5401520765380051,0.4453261002746031,0.3271818699442865,0.3977573638606032,0.1837679014599855
2020-11-30,-0.22550919796039107,0.19768905695553254,0.26250681702972106,0.23814806699841637,0.06094172310486573
2020-12-31,0.047226526185311445,0.025577255265629914,0.056189742862840154,0.04611064901674448,-0.08587223144506616
2021-01-29,-0.26839552790993915,0.08265382324664163,-0.1258126476183474,-0.02468488494234712,-0.07756657667141692
2021-02-26,-0.23556238205824853,0.1781688343297834,0.16944533299971745,0.19800636850559047,-0.03609709763096176
2021-03-31,-0.051451807084257666,0.0899117469444651,-0.024621028293806867,0.04313830030427965,0.0732017428266414
2021-04-30,0.23369714930310828,-0.19966766651844448,0.003932011964288113,-0.10958033422035943,-0.050773759911622814
2021-05-28,-0.1528229619252023,0.23991427197026605,0.09585400058090139,0.20329118474397895,0.026339465343588195
2021-06-30,-0.23060416204971798,-0.1450440107156525,-0.29651143093602117,-0.26034296777100735,0.03375605023747292
2021-07-30,0.19914781947173188,-0.19628473704117982,-0.12758658453035193,-0.1772724615657433,-0.10520381269845766
2021-08-31,0.020451572505505312,0.23470212076874133,0.23651659197769215,0.25913072779509927,0.08832520597848682
2021-09-30,0.2212548433888542,-0.233139512204143,-0.18024486592649983,-0.2204141952430241,-0.052764327742735616
2021-10-29,-0.0904387345479756,-0.05647727906457299,-0.09825711240132563,-0.0872134009632485,-0.01622185473615409
2021-11-30,-0.2804355589366705,0.176912525633887,0.024327668310365834,0.10363421659381031,0.010537886140898322
