,XLK,XLF,XLE,XLV,XLI,XLP,XLU,XLY,XLB,TLT,IEF,GLD,EFA,EEM
2014-11-30,0.11080033107120633,-0.05086255594989716,0.10089454384478554,0.1283086324464956,0.01799751166054926,0.2053245800550401,0.005137970751918693,0.038512241062178175,-0.001309647009167729,0.03497756173261591,0.5138765270421483,0.061662765268639466,-0.1317457249419226,-0.033574737034589706
2014-12-31,0.1098156220018329,-0.042877628583026704,0.10649349766394976,0.12061337669382313,0.020605496826387782,0.19896899866649928,0.014218595455492028,0.03986428875748672,0.003747991177859327,0.040327187518614714,0.5076369260246244,0.06627228922884344,-0.14612680853892734,-0.03955983289345937
2015-01-31,0.12178750552486808,-0.04758999741270843,0.09863628432805902,0.1283167545974118,0.023370811675463624,0.1865056623324161,0.012768962377674536,0.04335936592893135,0.0029958787785646594,0.03563003017637194,0.5061503542149935,0.07343535369787535,-0.14057852771962465,-0.04478843850029702
2015-02-28,0.13664248871608484,-0.049733223885276505,0.08908615688330966,0.1235757310578082,0.018949157159693482,0.1979617607338148,-0.00048281394217708544,0.050149681354893644,-0.0020852167568656357,0.02534655347890642,0.5155128165529153,0.07311154622596865,-0.12375998985255485,-0.05427464772652086
2015-03-31,0.13003910676889,-0.04306356510810433,0.0924516760958054,0.12825122153052948,0.00786221282108367,0.19464765764194114,-0.006139901035317302,0.055367517821738106,-0.011314949133386546,0.02528924558525154,0.525001737080137,0.06855173580402799,-0.12757140345799617,-0.039372292414599996
2015-04-30,0.1323951912201979,-0.05106444137557278,0.09949391668635202,0.1169139966631218,-0.002275770485675167,0.1992616871420572,-0.012638207028767768,0.06515434964352783,-0.0014081309933935884,0.024752216707055567,0.5271848402817352,0.06525883767021833,-0.1230297976624829,-0.03999868846837371
2015-05-31,0.13735405034769993,-0.048425607634279805,0.09389968807061391,0.12273104238475177,-0.004888873112499593,0.19473086543011647,-0.00992339249156772,0.06207441806633739,0.0005413797003969182,0.01729710331651806,0.5316864504215779,0.06762541324885037,-0.11727365597916925,-0.047428881769346544
2015-06-30,0.12897166780017075,-0.062304793050602505,0.0886594661400494,0.14111931132218508,0.0020823749231400675,0.2161631655413635,-0.03439986287170377,0.07570295308568699,0.0004730782977721056,0.008635798569741397,0.5353014326108353,0.06908759005991781,-0.12573464177084864,-0.04375754065770727
2015-07-31,0.13039218179419249,-0.05255715223738068,0.08471659706231036,0.13458475665548295,0.001398905486409777,0.20849369360566444,-0.029459725566602958,0.06828802579653631,-0.0024305961491098136,0.0072333358554887385,0.5440456781909359,0.06972223415598043,-0.11076777929266735,-0.053660155357240585
2015-08-31,0.13586991259334952,-0.05598352048730891,0.07501394834156414,0.12174205354898203,0.013166375122762478,0.21301124765018992,-0.02295999298668973,0.07360570563665608,0.010563328001459057,-0.0029114539873622476,0.5492190535643036,0.08292442303043887,-0.1330446196736728,-0.0602164603546722
2015-09-30,0.14052321757153285,-0.059042855258075164,0.07045001083745403,0.11327696746607956,0.005875604910427506,0.21099695795355433,-0.024046979130369274,0.09593014810139618,0.015103634636395765,0.0004703437336644994,0.5589917996908121,0.07599538800214416,-0.13797418680860157,-0.06655005170641504
2015-10-31,0.13377758877173163,-0.07194613346060216,0.08237911637907666,0.12110695124944969,0.011562933815974067,0.19183975495476835,-0.010335983004240297,0.11315368866930542,-0.014591163893850538,-0.0002377297398472346,0.5594537371184811,0.07059964924598276,-0.13722801962258493,-0.049534390483644775
2015-11-30,0.13085628646132766,-0.06685058602013584,0.08971318108764116,0.1235320738988506,0.005908506818547796,0.18930086363324958,-0.013792580301754532,0.10764601434613448,-0.009664535446575102,0.00024036131344328646,0.5710233442336179,0.060096318919920365,-0.13191622359241378,-0.05609302535185348
2015-12-31,0.14879031336935283,-0.07064530628612467,0.07699369704142027,0.12001424261724278,0.009754465476025789,0.2172345475415859,-0.006635568188946876,0.11018091924122894,-0.01649278274302765,-0.011068832341220497,0.5626208985750136,0.06647822194259721,-0.1509544037611096,-0.05627041248403799
2016-01-31,0.1533064676820505,-0.0782742150497735,0.0641153637487069,0.11326564272486274,0.025899140533913807,0.23252176125518503,-0.0030653238909738832,0.11257631805381621,-0.013539139084065987,-0.014350241874766382,0.5625170326763933,0.06749248025336714,-0.15490125721317807,-0.06756402981553783
2016-02-29,0.1467324099345491,-0.0789600897320394,0.07569775561155093,0.11231095005047602,0.009819947936197828,0.23450322458244402,-0.007131637143358363,0.11706829781618401,-0.0001729917291699558,-0.009867982472710044,0.5627737062793161,0.06496627201005219,-0.16261599271861218,-0.06512387042488033
2016-03-31,0.14292047462125176,-0.06648843085690659,0.07887136313954385,0.11658664909081833,-0.009227906805812754,0.2221785625477756,0.011245586818124733,0.12465775205043801,-0.004427465118257257,-0.006129650402613709,0.5645316880736467,0.056374556456172197,-0.18208324197593342,-0.049009937638247375
2016-04-30,0.1315408546974765,-0.06922609129836885,0.09532368664885219,0.1541184019248799,-0.016871139450152846,0.2067210999186953,-0.004096464191964978,0.12177017277208745,0.016691618388528177,0.013309752988233715,0.5627228517549424,0.03812995189652325,-0.19196163078987627,-0.05817306525985617
2016-05-31,0.15840450267886017,-0.058997530843474616,0.09413550196470108,0.15964992220723961,-0.02679591690106595,0.19328824550875834,-0.012485250799662012,0.10240902651735545,0.013171594729558318,0.019748894626910065,0.5652287491596131,0.03412969010842606,-0.19504007508269708,-0.04684735387452249
2016-06-30,0.16670094511669056,-0.06053403034160454,0.08949395178407873,0.16292829272113396,-0.02275338354723755,0.18458046117361807,-0.015590397580509917,0.10494861590788562,0.009566373027299251,0.01716069321556548,0.5645154993365921,0.040573104632744605,-0.19006039668528152,-0.05152972876097494
2016-07-31,0.1807071469851338,-0.07627077416808632,0.0789812311150502,0.16100539150222215,-0.0028331575816072157,0.1785591662643058,-0.022686682558106696,0.11147548263873379,0.016543428830431976,0.02588311208575833,0.5530345330466669,0.0432357957441396,-0.1917062780263497,-0.05592839587829258
2016-08-31,0.18695703145729345,-0.06077095880350712,0.08975754676989255,0.14780206123074552,0.0006494222141967383,0.18362337795153866,-0.03967023239268412,0.09426014637609793,0.008817631494654126,0.029528183911133217,0.5630856403336356,0.04102362769155544,-0.18919180423166554,-0.055871674002886444
2016-09-30,0.18774712671110044,-0.06105552215304795,0.09460573800767422,0.1460278076393751,-0.0009716716322513638,0.17909054830218857,-0.03665053054633145,0.08664578066228593,0.0017048937439691297,0.020828862276213802,0.5733335656532003,0.04208404347748634,-0.18006625029311982,-0.05332439184874318
2016-10-31,0.20018405725263472,-0.038020692204909105,0.08860059869975115,0.11812423297049561,-0.002360858883836585,0.19320476445783355,-0.02683301919799741,0.06377289420040017,-0.0022124474426696095,-0.0018924900950178273,0.5998251002046213,0.04580780549002542,-0.18324887544321952,-0.054951070008111995
2016-11-30,0.1921648420541419,-0.01897271553575374,0.10493039026141407,0.13541154634619376,0.02060292508121204,0.1759819158507876,-0.03394650108303702,0.06063715682679077,0.009450612072305953,-0.0003658673474951625,0.6040174734914916,0.039706735213705276,-0.2142067406784442,-0.07541177255331269
2016-12-31,0.21034685498393316,-0.011638919852716461,0.11626795298783132,0.12878666360252683,0.020356510592917206,0.16049423210959413,-0.030466612896755597,0.045115085186256475,0.01336748856023837,0.006897904074552823,0.602441514960103,0.04162899543156087,-0.2056066596264521,-0.09799101011359013
2017-01-31,0.21017826309749163,-0.01265441743570487,0.11050952905183675,0.12556139955480183,0.018626184477996872,0.15511472783298771,-0.027081567868656002,0.04879888592903959,0.010090708641782305,0.006346327784286778,0.6040259458803616,0.04257874374539562,-0.2037553019269184,-0.08833942876470129
2017-02-28,0.22142614047996056,-0.014773496420120567,0.11706145925538258,0.14088742045457062,0.024279294315070976,0.17166678520219938,-0.04437075049505343,0.0573138793928246,-0.016005816054137596,0.009258183761264655,0.5891040190469079,0.045056253286965844,-0.22610409778880775,-0.07479927443702789
2017-03-31,0.23149957059221118,-0.02456186458537169,0.1067179020083599,0.14128842439802017,0.026293299154538614,0.16155256436604065,-0.049473107009521004,0.07342452216306933,-0.019663372227176002,0.01083354843667978,0.5869564595612231,0.04959595427680321,-0.21571620103587127,-0.07874770009900578
2017-04-30,0.231228825552217,-0.030610668903961157,0.10009502388417237,0.13656143554965272,0.02934662193240129,0.16304280313692726,-0.05070395240459449,0.07837221227165947,-0.015412409535024457,0.01072631804453481,0.5875751597004187,0.05036804035303896,-0.21038662338639597,-0.08020278619504662
2017-05-31,0.23219241788197523,-0.032199375385362175,0.08801581403107099,0.1309482500408943,0.03046759255736439,0.16293011942771113,-0.04350068220365822,0.0784650592857852,-0.02015530327461215,0.006575009050448072,0.5888120652257064,0.054232136844718865,-0.19448156496000787,-0.08230153852203402
2017-06-30,0.2156084346685108,-0.007402571363505748,0.08801831818887514,0.15476852477505804,0.014088148315096105,0.1434102135324439,-0.03223990810415453,0.06424757805873318,-0.005823202816586795,0.01203026944922951,0.5841163315798217,0.053361504909635656,-0.19303778740987176,-0.09114585378328516
2017-07-31,0.20853088862467406,0.006793090136725199,0.08926076849276995,0.1572816846256303,-0.022339018010311722,0.14303251353223018,-0.017444286463019387,0.08116501955733431,-0.0022390202472792812,0.004270992086490989,0.5815029512076201,0.0539679184813363,-0.19146372522563737,-0.09231977679856368
2017-08-31,0.21617475140317519,0.004301189646594766,0.08116905904199218,0.16021838778552994,-0.015214792735631432,0.13480695472404342,-0.01348739784487215,0.0749383867703009,0.0007145778279680626,0.0067446516305173934,0.5771729232898865,0.056695448339221056,-0.19293049823674543,-0.09130364164198046
2017-09-30,0.21474183932458193,0.007394840235829553,0.09595668180803225,0.16144725727131953,-0.016419845484516134,0.12082008874170601,-0.01939985656504933,0.08406196035437757,-0.0031483550682766654,0.011838222204668635,0.5838609674700387,0.04933260051638397,-0.1843744719658795,-0.10611192884321646
2017-10-31,0.2246626530134951,0.009586669247603822,0.09434292240073665,0.15668237875292773,-0.0112743592356955,0.1111005966913895,-0.018022350675730003,0.09192656581597855,0.0012268757350239788,0.014269848314006413,0.5834961840765988,0.04943505994554314,-0.18510626602516994,-0.12232677805670789
2017-11-30,0.2330116643272047,0.011637958613441702,0.09490009174895132,0.1552560854984183,-0.01204660854229324,0.11113224129724576,-0.016360756856497235,0.10348067355622861,-0.004700504135670609,0.019537691018684262,0.565632351535285,0.05507351815009857,-0.19331088365645616,-0.12324352255464086
2017-12-31,0.22107811163493307,0.011397135405481764,0.09460797941339424,0.157296947535134,-0.018348412545682376,0.1212173231763922,-0.028337758584781884,0.1179147466761836,-0.008033458704412348,0.026909489320578926,0.5612889735537779,0.05066947367334265,-0.19235800713861892,-0.11530254341572278
2018-01-31,0.26392425049542534,-0.008960561612134588,0.10756867148459118,0.17762603418998923,-0.004514335226550958,0.1328869469206302,-0.03842267040831986,0.09979729822064917,-0.03237617509607374,0.04389934819646183,0.5225694124284539,0.038845641867040766,-0.19901389568515723,-0.10382996577500506
2018-02-28,0.32014727303128504,0.01636427737461974,0.07508074066209744,0.1806807336630384,0.004509280842342322,0.08095422042411722,-0.016973640386507075,0.11199163669775118,-0.05685661512386774,0.03432786503286271,0.5242954914134211,0.05473733293109211,-0.2101705231731502,-0.11908807338910231
2018-03-31,0.2979332583110256,0.027325986501712113,0.08772655583381381,0.1961854259450219,-0.02960015678781352,0.05684603545822739,-0.0007618332022054717,0.1403464968149751,-0.06977952650914711,0.0340112252013357,0.5232651192422672,0.05811614537235237,-0.2217939690680635,-0.0998207631135014
2018-04-30,0.28292708675161615,0.017682859733172036,0.08916860055846974,0.20478632543618808,-0.036122804008963526,0.05112671000471141,-0.004868900242709807,0.17367460240778285,-0.06852765477874562,0.030157148387013034,0.5247212548196653,0.06655467831795413,-0.20766580574685137,-0.12361410163930235
2018-05-31,0.2753590222682718,0.03113860797444941,0.08768330701262682,0.20359277657365496,-0.032425348567782585,0.04232833007842437,-0.006302903617153721,0.17206897797638065,-0.07629867180312855,0.030605301797298073,0.5329135391549513,0.0685612327806541,-0.2059604521895039,-0.12326371943914297
2018-06-30,0.2853280069626426,0.04238517280326167,0.06474430790010212,0.19434105325091827,-0.021625937446753677,0.05679690048051262,-0.00646934227463754,0.1975164928942652,-0.09717479235799294,0.028127419053822413,0.5142599242580124,0.07081203331086683,-0.207247694007813,-0.1217935448272068
2018-07-31,0.2820397410905794,0.03033684528624256,0.07845585255508528,0.1942262837678903,-0.008412898597270476,0.05243407105555755,-0.0005327034994161516,0.18314588802991308,-0.09971452217170508,0.030282423471893218,0.5127971259657831,0.0630061984123627,-0.20260352811237195,-0.11546077725454354
2018-08-31,0.27562723203500494,0.027178488221210374,0.08067958515717596,0.19194015649712542,-0.004572045582821944,0.056773716373669104,-0.0026076702354060084,0.18434687507833986,-0.09872286121772884,0.03144518680382356,0.5141202908269085,0.06044239805008821,-0.2020730144932409,-0.11457833751414812
2018-09-30,0.2852207579349125,-0.018343627840045413,0.09818061258289792,0.20946431324158651,0.028271240610002493,0.0016442212020236727,0.03028253831645748,0.16423146609463582,-0.08339303734503768,0.03811908812484593,0.5051169172009853,0.02970438530112482,-0.18441408913337035,-0.10408478629101903
2018-10-31,0.2724995136086442,0.04774311970984813,0.0733075425609764,0.1506539139862933,-0.03420166773166379,0.06029500145831784,0.0694886508928054,0.13324525090570624,-0.0686530266571521,-0.02393448841477846,0.5137318638061252,0.07423202627907309,-0.18177958275402456,-0.0866281176501708
2018-11-30,0.27423075546858855,0.051907760571572585,0.061257231055830454,0.18491601928246307,-0.0398379184972284,0.055150739570291436,0.07766317668669076,0.16054170739183463,-0.07179926303927887,-0.02516955536528684,0.48911376985707367,0.07226207875887786,-0.21942212802073838,-0.07081437372069042
2018-12-31,0.2597112607934975,0.053132408797045116,0.04387941260523139,0.15797150015572353,-0.05608409666649648,0.01802658005803785,0.08846407909254425,0.1703147567395748,-0.04791533919260934,-0.030755772562783862,0.5344911674805044,0.07771014557242455,-0.2011413474900734,-0.06780475538262046
2019-01-31,0.22384478863418628,0.127064005072917,0.02622796094006419,0.09061658054418428,-0.050800724173539986,0.039019633262878134,0.04122525788463784,0.16352905967724593,-0.06500066359301127,0.05432898989699292,0.4918990413197855,0.06641266573344935,-0.13295143506407905,-0.07541516013571138
2019-02-28,0.172889209725546,0.14487541187363076,0.031554353159094314,0.10306394173333315,0.0468146269297539,0.006167638127780533,0.08865668943199408,0.12699111963211526,-0.10123429202987251,0.06467977420996933,0.4519978705808992,0.06307034956233162,-0.09878171557688739,-0.10074497735968822
2019-03-31,0.17180881859879446,0.15823691952116803,0.02717732393702228,0.09622733162448058,0.017654172429743306,0.005772013169076176,0.08010187005507022,0.12895438173236046,-0.07974982284091954,0.07461220670518785,0.4617276151837566,0.04987345784956729,-0.11037493550087137,-0.08202135246443623
2019-04-30,0.1752479007298837,0.1632897867870018,0.0268806512831336,0.08918853271238196,0.012418753726281198,0.007773580214241666,0.07808411665573653,0.12479127896994334,-0.07863039816761833,0.06658725734017182,0.4772435538699156,0.049702832399238686,-0.10986215147446769,-0.08271569504584377
2019-05-31,0.16668625329326794,0.13180177301403312,0.01065343306884865,0.08476239898212568,0.03832154362339767,-0.012901315543994601,0.08025188314210431,0.16313220951122198,-0.057903249037254315,0.0659887141294391,0.5156080245851401,0.03651295576780736,-0.12094149065526297,-0.10197313388087406
2019-06-30,0.1552304726680385,0.13387379856744513,0.013119406991088782,0.07711428698056412,0.04015211781336527,-0.007092591286321898,0.07181203583983589,0.16226066022487015,-0.05503216221000113,0.06432074677053677,0.5265038018652307,0.03622329716596002,-0.11649965883520097,-0.10198621255541147
2019-07-31,0.16212690987751605,0.13811278784226275,0.012112419949458863,0.07210827635922344,0.04006837206210739,-0.0006439021389579529,0.07039212190370035,0.1616079617741551,-0.05569008874506927,0.06752602569449057,0.5196463090232405,0.038566294626404755,-0.12111241309721235,-0.10482107513131998
2019-08-31,0.16268750984203484,0.14113058488730842,0.01074432599109953,0.07172825185240428,0.041236787127887996,-0.002015910963321895,0.07122007197512403,0.16439322409191737,-0.05721987171157812,0.06994129654457085,0.5149984730188362,0.03959558613928787,-0.12157108714659065,-0.10686924164898076
2019-09-30,0.1584832509996066,0.14896165505127132,0.010760239752296818,0.06649479464620586,0.03619818607417523,-0.00355662250254345,0.08589962254483974,0.15631528693433924,-0.0459206007933529,0.0625836698578526,0.5193705546135734,0.03540982489717463,-0.11191465965663941,-0.1190852024187996
2019-10-31,0.15517611734534825,0.16972343802212753,-0.01029834593629094,0.0766381099449937,0.03989192837649598,-0.03977691932996834,0.09751609930371363,0.14959022846813272,-0.037410580968344265,0.0825216070881545,0.5014164251059815,0.028540513662930714,-0.10634469836630553,-0.10718392271696929
2019-11-30,0.1596071445851579,0.16819680460823755,-0.012399413522731254,0.08639262436709634,0.04603163007642369,-0.04133041066770107,0.09436640567640277,0.13784516897937346,-0.032291644901807096,0.08184122629986644,0.4996185396089185,0.030584687449106984,-0.11180400003457784,-0.10665876252376642
2019-12-31,0.14123365075942648,0.19861324260667002,0.000715279857508571,0.07533227844189125,0.02437388902365513,-0.010673777399712488,0.05465508157431538,0.0998509085983909,-0.038004030982957356,0.0849631936872774,0.5171497814493485,0.04315978697405034,-0.08860023441711512,-0.10276905017274895
2020-01-31,0.15596211089657597,0.19322495711327398,0.0005165129587072911,0.08078196774067334,0.0066394461577253625,-0.011724357210656356,0.06649198605832649,0.10525664441167956,-0.018129008539281552,0.09068949778544538,0.4943105755685833,0.039138343050012556,-0.10350069483146418,-0.099657981159601
2020-02-29,0.15307912308749452,0.1900723479915171,-0.011912840278859138,0.08463531893415778,0.0005110012645911918,-0.025368063228811907,0.038439175716956604,0.10763496391544917,-0.014956441330746202,0.10421766506745526,0.5244654854991428,0.02936319877602251,-0.10229655367422197,-0.07788438174014785
2020-03-31,0.1792573339580276,0.16472198062793802,-0.04122370947802529,0.11739762312093786,-0.010049446293930408,-0.0009319326004764619,0.022653891167034774,0.0959128232870969,0.010766078609251625,0.12205198646891613,0.4956931291836185,0.03391568420801468,-0.10462581046672806,-0.08553963179167604
2020-04-30,0.1754458450547963,0.1715585285105898,-0.06308743163742345,0.11244995663274551,0.00863366382349066,0.00731488029018906,0.024298903499259273,0.07084046069724312,0.009350272790815297,0.12128518204573294,0.49491063649720257,0.032312713592124426,-0.08225812227694274,-0.08305548951982282
2020-05-31,0.1812830621154282,0.16198772673928435,-0.06788990201990876,0.1182557592685917,0.010366056788454004,0.0007110576209777796,0.03889358297617826,0.0707386702983066,0.015586916660803288,0.12299496319079099,0.47164665044677284,0.02864142538054757,-0.06590098072004544,-0.08731498874618127
2020-06-30,0.2043985200299607,0.14742030207485865,-0.08591162612607824,0.10336971305719908,0.02106993443950495,-0.00069813166779268,0.041025390348669644,0.11664572205134714,0.022631912865397376,0.12830483751874525,0.4442153391674122,0.03049690983078092,-0.08245454606632881,-0.09051427752367618
2020-07-31,0.21902280810538138,0.1528131963673031,-0.0806240647196397,0.12253201677694704,0.01971911519025071,-0.005918894667723736,0.033832619002840465,0.11839338301915776,0.0033165107799254215,0.13226039429420874,0.43697141871654077,0.037770673625655456,-0.0926644583977646,-0.09742471809308284
2020-08-31,0.23621242909413745,0.1531669750648069,-0.08775021999315687,0.12431255031548273,0.033533170709975184,-0.003027928765880752,0.034432688837161295,0.12420861264260015,-0.0073369749384866526,0.12486607077729721,0.4294808937520391,0.03774468976463108,-0.10003762249653156,-0.09980533476407515
2020-09-30,0.21421223121729918,0.14507259078706597,-0.11389375103416675,0.11437830196077252,0.04202672884090879,-0.009647427695420582,0.05066483509640356,0.1424618638313727,0.030710375520397477,0.1253876893928014,0.4328818075296536,0.024770421210172106,-0.10108103087400302,-0.09794463578325711
2020-10-31,0.20305853217628655,0.15984133292617492,-0.13129117644787938,0.11442366008484516,0.05015680966049421,-0.04028859160208891,0.09459489527262258,0.1598579217833733,0.03718682819840245,0.12270511730408915,0.42641696516430516,0.020326132635540475,-0.1407197712871002,-0.07626865586906557
2020-11-30,0.19409022230578596,0.16689878352391765,-0.12423355804194902,0.11606013874588898,0.03711247582197301,-0.03046330725256559,0.08415765368347494,0.1091371447142422,0.030974317064952593,0.12690377618482587,0.4327510290464953,0.011088232181148398,-0.08554196964364053,-0.06893493833454997
2020-12-31,0.19714798870702469,0.16543087479727275,-0.11913411933088282,0.1221263596309445,0.03149906483010472,-0.037191700313426466,0.07760837487167178,0.11829678896507353,0.00984200734489825,0.1188857844332411,0.4528470436578681,0.014122546910903774,-0.09287759169495755,-0.05860342280973639
2021-01-31,0.1971914677552067,0.16510625969932777,-0.12233217793238514,0.15413297088180788,-0.009568190794747317,-0.06118939210456819,0.08638761295401383,0.16490094812406011,-0.0033125360650098977,0.1199279959859826,0.44519638965465064,0.009626874065882429,-0.12548820992179413,-0.020580012302427154
2021-02-28,0.19776215703922834,0.1989361913510899,-0.0860685399216414,0.1293501127051214,0.009311473386441149,-0.04988122422550374,0.060256520852109065,0.09802696814639035,-0.007696179666944017,0.11529692022635862,0.49231128683675773,0.0001443849379844272,-0.13427367671126952,-0.023476394956122488
2021-03-31,0.19703843168693885,0.2098216969720297,-0.09458145837472481,0.11072355605626365,0.0030836617938596205,-0.04610240832427884,0.0798229739244095,0.10325244778483673,0.008952997089389512,0.10503368143453627,0.48464114425809446,0.004161665161881451,-0.10103939277727035,-0.06480899668596593
2021-04-30,0.20734242840854708,0.21402318300369627,-0.09643449406958549,0.11031048818208034,0.0032357373432991368,-0.05038417025792865,0.08295414345631279,0.10577144356797624,0.011946423796631864,0.10851037750585846,0.4844535502144223,-0.0026761960176987978,-0.11774506663078255,-0.061307848502829144
2021-05-31,0.19282565682751135,0.2248533978061579,-0.09061888585471786,0.10272416112184696,0.00883141075575874,-0.03623658939472583,0.06614173286701086,0.06659632321561461,0.019356467313479914,0.10928430544560948,0.48333883200544336,0.013932809538679416,-0.09113848577722349,-0.06989113587044547
2021-06-30,0.2128030132842243,0.23245224524317729,-0.0842020087408999,0.10855382483378516,-0.0023657755971388823,-0.02535612067653507,0.055092612521533725,0.058395275572402414,0.0032690666916427216,0.1278476266266044,0.4609560023906983,0.01392510025844164,-0.09762665201449328,-0.06374421039344298
2021-07-31,0.21671211696918866,0.23079051767082437,-0.09391373409921619,0.12107070190365526,0.016509167125969608,-0.030195306443187023,0.060719487068082785,0.05989992982053473,0.00402975015644913,0.13442200005665758,0.4433717931045679,0.004697168010254584,-0.10690861023866244,-0.06120498110511902
2021-08-31,0.2280900765550819,0.23877325674809852,-0.10169243892366302,0.12526947606864763,0.012080734109014009,-0.038389347190989444,0.06863504959738036,0.06017842526839413,0.00818791777807307,0.1384504835992442,0.4291878347925405,-0.006135817890583841,-0.10536015304521912,-0.057275497466018746
2021-09-30,0.20167777192996217,0.25611590538374174,-0.07294611664354769,0.11158359979897559,-0.021374608803500835,-0.027623409532643865,0.051742624478843514,0.09408064922356552,-0.0216400392224813,0.11568311112656754,0.4623610627405328,0.0088083551687494,-0.10232351679573116,-0.05614538885303324
2021-10-31,0.20761766535687792,0.2572675963194307,-0.0753104878715182,0.11834336971124566,-0.022615118244228027,-0.026348099584637675,0.05141409077005632,0.09350233181745696,-0.027789377969449903,0.1190335684366649,0.45860210041279714,0.007586947135919774,-0.09964204232561626,-0.061662543964999324
2021-11-30,0.23025423155623873,0.2839211366059799,-0.08494088976106288,0.10537795179933872,-0.05333602402475753,-0.04723200805437914,0.05579052885745188,0.10790188728305214,-0.02169247548945812,0.12322413601416304,0.46116079722948894,0.0034364851626412407,-0.10079606142544913,-0.0630696957532477
2021-12-31,0.23200454996552483,0.27260390557148567,-0.08353944999338027,0.1159842719769486,-0.05382774817191821,-0.0282326749840157,0.060957704959936625,0.0844011898224754,-0.010074771589034647,0.1109521843307691,0.45385341773703236,0.008525800637333625,-0.09662030721840545,-0.06698807304475196
2022-01-31,0.2453461248726438,0.2891390858280542,-0.026483460175024554,0.11282142630761145,-0.07462926379175158,0.020072817497275727,0.05901970369141661,0.024873983695170365,-0.0507665728357094,0.1084955180972779,0.4623939061558958,0.011617582170646321,-0.12564264413697637,-0.05625820737653015
2022-02-28,0.22311831381838884,0.2808829241869689,-0.012595605658107956,0.12146083429554552,-0.05854604556622705,0.016833624788342067,0.05349194598557945,0.014810206573421612,-0.040663696450862694,0.09934727950260415,0.4781435423393632,0.03436706324598962,-0.13668269012987588,-0.0739676969311297
2022-03-31,0.23746816854672517,0.253442855164599,-0.0005380842182714929,0.14100970926219736,-0.05531197398270163,-0.002342730343133582,0.08961872527300914,0.01694009885687712,-0.025215968493640134,0.08975318755346842,0.46245489798849976,0.03368455955668004,-0.14836587325095368,-0.09259757191335545
2022-04-30,0.2624159890147385,0.2198998612113497,0.011830484326153108,0.1773165202508661,-0.08337519323310189,0.11891323967612688,0.08016357206809938,-0.045861013546758075,0.019188069649080958,0.02410545150963593,0.48110237556565155,0.03336892286839375,-0.19373376650332394,-0.10533451285691214
2022-05-31,0.26964957919503785,0.2235403996833494,0.020589495647707127,0.183837162818756,-0.09512546737846626,0.0865936570795955,0.09477448832503925,-0.07145408887755521,0.012923734043088168,-0.0030365328656111715,0.48811928611103833,0.043663862232868764,-0.15013039526270971,-0.10394518075213813
2022-06-30,0.2874527827362015,0.21389513771658905,0.014603302053018694,0.23686318482535804,-0.04884291769592963,0.11021753455490886,0.08193271139542192,-0.09028740619191337,-0.05030898813742226,-0.022969049789098375,0.5073767583247698,0.04860103240543488,-0.20834935893963918,-0.08018472325769989
2022-07-31,0.2919271641365223,0.21827965661444262,0.009212323125563075,0.242385308954197,-0.05141266092141118,0.10576519161303526,0.0849135938837846,-0.08531639807792353,-0.04631278515741098,-0.03281890791254815,0.5104448227363174,0.049213390249316265,-0.21429016383060073,-0.08199053541328387
2022-08-31,0.30863862124200986,0.22603842727045736,0.020582793593713677,0.2511423061051171,-0.040723916048926036,0.12287218015733525,0.13406344378834065,-0.09525358985570702,-0.03995070713610091,-0.031291432343431604,0.4921371205707324,0.023735070709780794,-0.3207706528451865,-0.05121966520813496
2022-09-30,0.3510758703675235,0.25967215167695534,0.02278484722402604,0.36490545346661396,-0.061415579452406825,0.12013521689915653,0.13097992004261477,-0.07954146056105897,-0.07129651674256188,-0.07168293704716792,0.5034962051704522,0.03708106034937344,-0.3966420585562163,-0.10955217283730383
2022-10-31,0.43271731753968373,0.24317002917876124,0.03227110890097532,0.3783033130511159,-0.07287143358683691,0.13647114047890216,0.1260815101062332,-0.09770768621894785,-0.06246003903290825,-0.07887323180219372,0.4899549154143118,0.04540771831434696,-0.45741419773102937,-0.11505046461241418
2022-11-30,0.39907325891041945,0.2584379615394624,0.020708224986523728,0.3403308856929772,-0.08019714374048117,0.10880306734228518,0.14230803116926408,-0.14655666167511366,-0.037306337004365454,-0.056943065449884644,0.47184227122477373,0.052719382634105166,-0.39281147180949216,-0.08040840382047387
2022-12-31,0.4401924528195048,0.23242009876849087,0.03747058873062778,0.38988246922733377,-0.047170445287107954,0.1289754278607021,0.14965676767921665,-0.2040470186824329,-0.07717679117614311,-0.0635933434178995,0.4459608754369389,0.0863454483968653,-0.40229632831412787,-0.11662020204196884
2023-01-31,0.3764019998766718,0.24421655571653045,0.025046342387459796,0.2868190561980749,-0.07694785843509945,0.1017219302762401,0.10607970981211286,-0.13150311313370117,-0.044452200616534245,-0.029473111312270848,0.4698167114007617,0.09616481067304727,-0.32118083237234124,-0.10271000047095172
2023-02-28,0.4646995601954822,0.2614880694410674,0.012827625037587824,0.29102722710741286,-0.07067491510245144,0.10480204055455446,0.10455953029334206,-0.1565251393257947,-0.047394349565186414,-0.04225672219867889,0.4396507917119791,0.11816027537030903,-0.33205718373789717,-0.1483068097817263
2023-03-31,0.48985715498526455,0.23475526286067463,0.016746788500563874,0.2860053704076822,-0.05695497483077294,0.1033661296098427,0.10255480979235371,-0.16495761426365668,-0.05481226218975989,-0.042075370700478454,0.43684646286347495,0.121754190715423,-0.32703058397680734,-0.14605536377380463
2023-04-30,0.5022170904270913,0.24474942902559332,0.020951686443088792,0.2872619827395911,-0.04643789535092615,0.11413356490889649,0.08173344011960469,-0.1752394460494329,-0.07164884779430165,-0.06975189057185585,0.4442358563614679,0.1640208988207254,-0.34434101876297574,-0.15188485031656657
2023-05-31,0.552435614001241,0.23794627985862682,0.018392908440439837,0.2816459037458074,-0.06576285550141144,0.0998504268961159,0.10397271422610459,-0.1779468417478915,-0.09949453164182148,-0.07937715117854631,0.4305419249878866,0.17752800893928108,-0.3371864681742936,-0.14254593285153894
2023-06-30,0.5242202239218497,0.2250208734635091,0.012820449251758455,0.2510603675194684,-0.019702186230223708,0.08183236087080566,0.07286547236109814,-0.171580251987408,-0.0614510840926033,-0.06227633893738716,0.416839839912017,0.20474872704885913,-0.34659021828082764,-0.1278082348209158
2023-07-31,0.5321186713885375,0.23298730048910146,0.016318722114667936,0.23913890857043987,-0.029059043075269318,0.08561808729467006,0.07770703037789876,-0.1774191543093504,-0.058723352343167896,-0.0649281100823176,0.4209575819899866,0.19816103841936997,-0.36872341999828184,-0.104154260836285
2023-08-31,0.515904006583095,0.23951799158928624,0.021376276746663897,0.2591709554656017,-0.028586782841243524,0.09014376206353308,0.07550385827346928,-0.16328168838461948,-0.0805679379247128,-0.0759304718416022,0.45693146044708816,0.1735849016329926,-0.37851776425699796,-0.1052485675525539
2023-09-30,0.6706592342436531,0.3092133769940795,0.04602079102840002,0.31988891846585704,-0.10695159005083281,0.1063372418270933,0.09026339368839657,-0.20920674000690134,-0.09327977904966976,-0.11989093106878401,0.40864101762766986,0.24527439641214985,-0.526272486054336,-0.14069684405677532
2023-10-31,0.7535888772582907,0.3453181901033386,0.04213594320007077,0.33140485425264454,-0.11696255493483956,0.08374731970944847,0.108371235548477,-0.23980549599755052,-0.1071883820545257,-0.15434354489242758,0.38319547028409384,0.3044933056825075,-0.5638801445031454,-0.17007507365638244
2023-11-30,0.7224535129073428,0.3400427254481758,0.04246999341644495,0.2943679783696494,-0.12056137543795115,0.07624416311384802,0.11021526103647532,-0.23501637110521853,-0.09472727896928355,-0.13297368869721107,0.38350881076892157,0.3050930108605094,-0.5258175651242771,-0.16529917658742593
2023-12-31,0.6014433216982353,0.32590643967233074,0.03712789067688036,0.274688432725737,-0.09234975434184059,0.0754761889885712,0.0760534543718389,-0.19297269298178502,-0.1190943928669052,-0.10574231844110214,0.4273831382274626,0.283637469467434,-0.45549803435847225,-0.13605914283838472
2024-01-31,0.6133084133416469,0.3313149574790891,0.034715749907425694,0.2730098718916073,-0.09779758852153271,0.10016361172081698,0.06378399590547217,-0.19490773214293156,-0.12908456768320273,-0.11668326529573472,0.42150971870360876,0.28525880288049127,-0.4524562385807169,-0.13213572960603953
2024-02-29,0.6597042190251518,0.34083412095201804,0.029018311297095173,0.2778248829872861,-0.06342933895802523,0.0993543646077431,0.06875579213575081,-0.19774977484130882,-0.13782877062044654,-0.11843677586408972,0.3941731133774516,0.2908878311311819,-0.5214560008113835,-0.12165197441842426
2024-03-31,0.6161906554880293,0.31811678422090484,0.032938268386329864,0.27715900834479573,-0.05468910149811831,0.08002252543753519,0.06046477140592331,-0.169779836386294,-0.13613256289009185,-0.1363047388364901,0.40827726358896776,0.3221241700159137,-0.4641092483136134,-0.154277958963792
2024-04-30,0.6667617476413144,0.3642891561080193,0.02055318832397932,0.29245309439696016,-0.061846922988621565,0.07651289963795936,0.07801897720278557,-0.15179792066671852,-0.1824433077055267,-0.20498720423025665,0.38504291152994247,0.3945895254290074,-0.5304979932868299,-0.14664815139201448
2024-05-31,0.7130072864087347,0.3911881603578981,0.015477319838407284,0.2908605448223882,-0.071325620272686,0.0540086709523209,0.11486974394788838,-0.17025739884712632,-0.199204188940544,-0.21860939338874905,0.3424527988591435,0.43310452114380804,-0.517921779031755,-0.1776506658497288
2024-06-30,0.7435912145262359,0.3890501643544109,0.014011809929544164,0.2969449032815344,-0.06600927657180351,0.07146905035159618,0.0944895119087614,-0.17694964307994748,-0.20827748033581045,-0.2152098144448367,0.34451362889517273,0.42583689788961465,-0.5436353575422975,-0.16982560916217426
2024-07-31,0.5802912204615529,0.3605219026992212,0.010283667915749656,0.24380906875396674,-0.016328585107488313,0.055885376401637356,0.11692846288597696,-0.12215664857797619,-0.20016618966486335,-0.21853350975568134,0.3984557241747073,0.41075782685704915,-0.4318143498397476,-0.1879339672041046
2024-08-31,0.5746643653082022,0.3667531746319894,0.003046841108006882,0.2439116389985282,-0.022336941460590034,0.0645290570061129,0.11366338387125426,-0.12942855594003433,-0.20716700088060658,-0.2284810640267645,0.39397849044496636,0.41969412509649445,-0.3909629289848429,-0.20186458517271583
2024-09-30,0.5196392021372961,0.3314936363367426,0.006292828595364261,0.20782225320519546,-0.0002227031684118634,0.042525567060822035,0.13012216111478206,-0.0782612755378069,-0.2234268750535899,-0.23339705503668945,0.3984515331564234,0.4273741419619565,-0.3722771562837569,-0.15613625848832746
2024-10-31,0.575941492558587,0.36772920152523797,0.008153481271262858,0.18929849059587683,-0.016983422448372667,0.03691400182561637,0.12397758418474161,-0.08265422226711465,-0.2223810201250815,-0.2534240982927665,0.36385728761426356,0.4943847904030394,-0.3971392537011864,-0.18767431314410402
2024-11-30,0.5700159857817632,0.3763222713781242,0.019414548534237266,0.1782679388222614,-0.012023995677644082,0.02053846650512239,0.13489722909252103,-0.0692487468929667,-0.23659826194042735,-0.2533815271697579,0.36853380018865856,0.49709447148796254,-0.40245721706107374,-0.19137496304878018
2024-12-31,0.6175641419033924,0.3818228204475895,0.0065007858220793415,0.17979780634423673,-0.03678723132726515,0.03428704793787979,0.11127789367921663,-0.0308506644096895,-0.3127506358741182,-0.3386911579342892,0.38863205966577197,0.5460864021509515,-0.35614696065036805,-0.19074230775538759
2025-01-31,0.6644440800083948,0.44593535346028057,-0.011831846999961431,0.1908495475476826,-0.03609822870900002,0.028029616028199686,0.1256432835007293,-0.02442623160520592,-0.3333733234096546,-0.40622144093399587,0.3788669787876089,0.5781336345786081,-0.40130910015849,-0.1986423220951963
2025-02-28,0.5775509400622647,0.4312688547663982,0.015994890121439818,0.17291974564793605,-0.03696489140037396,0.02928906746161878,0.13846991603621564,-0.08280292938582232,-0.32446343855612153,-0.2936331417666296,0.3790141737229419,0.5296307094384436,-0.3606743238994772,-0.17559957224883407
2025-03-31,0.580742804120053,0.41226027812707167,0.022383805231184266,0.14889441929719296,-0.028011922666978196,0.03658993461683841,0.13226149683074673,-0.1098508432475015,-0.3067787079183706,-0.3082125677422124,0.3595605625431329,0.5778576868337026,-0.33167821087274224,-0.18601873515211742
2025-04-30,0.5780731650431206,0.43425738394413294,-0.001044663112659471,0.1416921473936164,0.015617534887200921,0.04398831671296994,0.12726005429463197,-0.09392708705633374,-0.35127549907378336,-0.3080264283646016,0.3300913945042958,0.6209568493806757,-0.30224567915364625,-0.23541748939961968
2025-05-31,0.5983051026522993,0.4276780540807683,0.00039538853442668253,0.0944595990750136,0.050772285252107204,0.04399850326996232,0.13707682784905792,-0.09539029643348668,-0.36529312502818545,-0.3121297343130784,0.3219148635827759,0.6289475448663749,-0.30142442545637244,-0.22931058793166323
2025-06-30,0.6402870972952694,0.4082330526394827,0.010595779836172443,0.08014016476764955,0.06274493307196552,0.011041744098441008,0.16347729487961968,-0.14948277504718507,-0.34126406207518933,-0.27647344476847063,0.3063458784284857,0.6044136125932595,-0.3104832164742317,-0.2095760592452688
2025-07-31,0.7114808723191154,0.3975935569242745,0.02526721485065445,0.05807803011907339,0.10713692354567855,-0.042156626714450314,0.17568351798803553,-0.19593708902501392,-0.3108443596035532,-0.30960772425264865,0.30623473560206693,0.661946568736271,-0.4052254511365244,-0.17965016935297887
2025-08-31,0.5996836040878698,0.3697892189850553,0.016186686191719257,0.09831823741916615,0.04099709099304086,-0.01153643017846001,0.14173382990332997,-0.13939462202927894,-0.28082210892604637,-0.3068776034193197,0.348020449855925,0.5891684284179538,-0.32015445990040964,-0.14511232140054547
2025-09-30,0.6261596459934397,0.369085078909791,0.01701621118744594,0.1189254160144843,0.02256984784122975,-0.020551332321084415,0.12891469435981817,-0.1592131120436579,-0.2443358256620839,-0.31646492341240556,0.31997339746436565,0.6098060622624945,-0.3106886351691103,-0.16119652542472648
2025-10-31,0.633774260816862,0.3822424774319867,0.016442913921672655,0.12783106565625804,0.03703293457456732,-0.04498563847748132,0.14899351138308145,-0.16060161941494672,-0.2920686659924707,-0.31626759621490913,0.31280346430501593,0.6211797769488402,-0.3059789345007545,-0.16039795043772193
2025-11-30,0.5699471660023445,0.36055701548443675,0.0204571612446994,0.1633698276769487,0.010432596507049417,-0.027772792639241643,0.1376383174000869,-0.13293157773538244,-0.2871147002861247,-0.31361840580942746,0.30270020359154765,0.6340208509158233,-0.28097365848820793,-0.15671200386455247
2025-12-31,0.5745912973104536,0.36234473466658346,0.02695859350066538,0.13320760064339945,0.012234845982214712,-0.05263640594930476,0.10761930685011048,-0.13484576212593755,-0.2610169640881271,-0.32228187792778606,0.31683754591585467,0.6561646493289403,-0.26311336217440645,-0.1560642019326602
2026-01-31,0.5815974215721335,0.3315649965704276,0.026600193084092578,0.13774577105946526,0.02384456835052981,-0.036427044425337035,0.07200424680693654,-0.1464302417461224,-0.2108274533084504,-0.3387982675263516,0.28090351122968693,0.6822460402850187,-0.26030824058762,-0.1437155013644098
2026-02-28,0.5175451617917564,0.2669638688072953,0.0389478535621038,0.13040761493188113,0.05319787739591779,-0.012818729237877182,0.08714050506655004,-0.1526877898222564,-0.2031934505278209,-0.311346863811957,0.30073756934561185,0.6235690970907608,-0.21647095416335332,-0.12199176042861216
2026-03-31,0.6095818175390236,0.2914037454616647,0.09195525384080926,0.11425788977795123,0.01535496513122645,-0.07788197814232589,0.11948399404485219,-0.1852371582708769,-0.18629328463440523,-0.31953426713251765,0.31893249162485815,0.670659756719276,-0.2568998526740974,-0.20578337328543878
2026-04-30,0.6697793874466292,0.29132506699991856,0.08376860686436595,0.10221849691572409,0.023511604751466332,-0.05393508058395442,0.1400721005298842,-0.2057969509865627,-0.21263487728767336,-0.33101298115838107,0.3001464840596754,0.6622204812322138,-0.28281049416327764,-0.18685184462002852
2026-05-31,0.6592009760930536,0.2819910297855114,0.08509479412564215,0.09193064829382895,0.04191530790611075,-0.060157425791371295,0.12672394612490276,-0.19469171819725675,-0.21620560434287392,-0.3435026021079373,0.2966154640944082,0.6930607272279649,-0.29157229183660555,-0.17040325137537762
2026-06-30,0.6748860927269766,0.2965921152284196,0.05007105010005643,0.17722083084030868,0.14031630203030276,-0.10974740377002809,0.1538174070925493,-0.25797672240989594,-0.2542990390875396,-0.3541592592399059,0.3093312480888312,0.6123186744409361,-0.2797668785812144,-0.15860441745979692
2026-07-31,0.6163274430508633,0.32740477935636453,0.06751118748619214,0.16827854088919392,0.08741212104172509,-0.05654845510376477,0.14272007443319412,-0.2175914447000614,-0.29422381874068265,-0.3637497124445252,0.329151281650633,0.610024865482732,-0.21615117646878468,-0.20056568593307933
