,bps,pair
2026-09-04 03:33:57+00:00,1.3281069877931309,sell@kraken/buy@okx
2026-09-04 03:34:00+00:00,1.3281069877931309,sell@kraken/buy@okx
2026-09-04 03:34:03+00:00,0.5298399464956196,sell@kraken/buy@okx
2026-09-04 03:34:06+00:00,0.6674242212577457,sell@okx/buy@coinbase
2026-09-04 03:34:09+00:00,0.8780472229771176,sell@binance_us/buy@coinbase
2026-09-04 03:34:12+00:00,0.997780935200115,sell@binance_us/buy@coinbase
2026-09-04 03:34:15+00:00,0.946785851117939,sell@okx/buy@coinbase
2026-09-04 03:34:18+00:00,0.9866022827028906,sell@okx/buy@kraken
2026-09-04 03:34:21+00:00,0.9365950993676299,sell@okx/buy@kraken
2026-09-04 03:34:24+00:00,0.5076163855526071,sell@okx/buy@coinbase
2026-09-04 03:34:27+00:00,1.1462120184193534,sell@okx/buy@coinbase
2026-09-04 03:34:30+00:00,0.42785355147534776,sell@okx/buy@coinbase
2026-09-04 03:34:33+00:00,0.667294907298928,sell@okx/buy@coinbase
2026-09-04 03:34:36+00:00,1.2658457504958107,sell@okx/buy@coinbase
2026-09-04 03:34:39+00:00,1.2658457504958107,sell@okx/buy@coinbase
2026-09-04 03:34:42+00:00,1.2658457504958107,sell@okx/buy@coinbase
2026-09-04 03:34:45+00:00,0.6784016856289492,sell@binance_us/buy@coinbase
2026-09-04 03:34:48+00:00,1.4367242686679464,sell@binance_us/buy@coinbase
2026-09-04 03:34:51+00:00,1.6762184511744416,sell@binance_us/buy@coinbase
2026-09-04 03:34:54+00:00,1.835887611749826,sell@binance_us/buy@coinbase
2026-09-04 03:34:57+00:00,2.2350828178006203,sell@binance_us/buy@coinbase
2026-09-04 03:35:00+00:00,1.6363019575752977,sell@binance_us/buy@kraken
2026-09-04 03:35:03+00:00,0.5587595537900767,sell@binance_us/buy@coinbase
2026-09-04 03:35:06+00:00,0.8382263131215802,sell@binance_us/buy@coinbase
2026-09-04 03:35:09+00:00,2.3551013891112307,sell@binance_us/buy@coinbase
2026-09-04 03:35:12+00:00,0.5188212381473658,sell@kraken/buy@coinbase
2026-09-04 03:35:15+00:00,1.7163202094702408,sell@binance_us/buy@coinbase
2026-09-04 03:35:18+00:00,0.6294174179893963,sell@binance_us/buy@okx
2026-09-04 03:35:21+00:00,2.244533127360646,sell@okx/buy@coinbase
2026-09-04 03:35:24+00:00,2.044628659918789,sell@okx/buy@coinbase
2026-09-04 03:35:27+00:00,0.8073114713544965,sell@okx/buy@coinbase
2026-09-04 03:35:30+00:00,0.8073114713544965,sell@okx/buy@coinbase
2026-09-04 03:35:33+00:00,0.8073114713544965,sell@okx/buy@coinbase
2026-09-04 03:35:36+00:00,0.7670475400157506,sell@okx/buy@kraken
2026-09-04 03:35:39+00:00,0.9973828673560577,sell@kraken/buy@coinbase
2026-09-04 03:35:42+00:00,1.4849152718157184,sell@okx/buy@kraken
2026-09-04 03:35:45+00:00,1.325056734562871,sell@okx/buy@kraken
2026-09-04 03:35:48+00:00,0.7667178513585273,sell@okx/buy@kraken
2026-09-04 03:35:51+00:00,0.9971362247624822,sell@binance_us/buy@kraken
2026-09-04 03:35:54+00:00,0.9572469577486418,sell@binance_us/buy@coinbase
2026-09-04 03:35:57+00:00,0.7976930716361007,sell@binance_us/buy@kraken
2026-09-04 03:36:00+00:00,0.7976930716361007,sell@binance_us/buy@kraken
2026-09-04 03:36:03+00:00,0.9572469577486418,sell@binance_us/buy@coinbase
2026-09-04 03:36:06+00:00,0.9660477702174642,sell@okx/buy@kraken
2026-09-04 03:36:09+00:00,0.9660477702174642,sell@okx/buy@kraken
2026-09-04 03:36:12+00:00,0.28808885698314624,sell@okx/buy@kraken
2026-09-04 03:36:15+00:00,1.2765533060742542,sell@binance_us/buy@coinbase
2026-09-04 03:36:18+00:00,2.314131362863487,sell@binance_us/buy@kraken
2026-09-04 03:36:21+00:00,2.314131362863487,sell@binance_us/buy@kraken
2026-09-04 03:36:24+00:00,2.314131362863487,sell@binance_us/buy@kraken
2026-09-04 03:36:27+00:00,2.314131362863487,sell@binance_us/buy@kraken
2026-09-04 03:36:30+00:00,1.1571210827477971,sell@binance_us/buy@kraken
2026-09-04 03:36:33+00:00,1.356651783399153,sell@binance_us/buy@kraken
2026-09-04 03:36:36+00:00,1.356651783399153,sell@binance_us/buy@kraken
2026-09-04 03:36:39+00:00,1.356651783399153,sell@binance_us/buy@kraken
2026-09-04 03:36:42+00:00,1.1480451691114524,sell@binance_us/buy@okx
2026-09-04 03:36:45+00:00,1.1480579059989182,sell@binance_us/buy@okx
2026-09-04 03:36:48+00:00,1.476432938021304,sell@binance_us/buy@coinbase
2026-09-04 03:36:51+00:00,0.9485990372224032,sell@binance_us/buy@okx
2026-09-04 03:36:54+00:00,1.3171970047735508,sell@kraken/buy@coinbase
2026-09-04 03:36:57+00:00,0.35001225042892453,sell@kraken/buy@okx
2026-09-04 03:37:00+00:00,0.4789635229377452,sell@kraken/buy@coinbase
2026-09-04 03:37:03+00:00,0.07981355553419935,sell@coinbase/buy@kraken
2026-09-04 03:37:06+00:00,1.4765448849687366,sell@coinbase/buy@kraken
2026-09-04 03:37:09+00:00,0.6072282858106935,sell@okx/buy@kraken
2026-09-04 03:37:12+00:00,1.955338473079306,sell@kraken/buy@binance_us
2026-09-04 03:37:15+00:00,0.367578377473192,sell@okx/buy@kraken
2026-09-04 03:37:18+00:00,0.9261043463691787,sell@okx/buy@kraken
2026-09-04 03:37:21+00:00,0.598455983562772,sell@binance_us/buy@kraken
2026-09-04 03:37:24+00:00,0.598455983562772,sell@binance_us/buy@kraken
2026-09-04 03:37:27+00:00,1.7239078657610156,sell@okx/buy@coinbase
2026-09-04 03:37:30+00:00,1.245190420339173,sell@okx/buy@coinbase
2026-09-04 03:37:33+00:00,1.1652057362854211,sell@okx/buy@kraken
2026-09-04 03:37:36+00:00,0.9258393799568606,sell@okx/buy@kraken
2026-09-04 03:37:39+00:00,1.0771090393383431,sell@binance_us/buy@kraken
2026-09-04 03:37:42+00:00,0.7663154304599965,sell@okx/buy@kraken
2026-09-04 03:37:45+00:00,0.8776268968700629,sell@binance_us/buy@kraken
2026-09-04 03:37:48+00:00,0.7579414310734228,sell@binance_us/buy@kraken
2026-09-04 03:37:51+00:00,0.7978362680403469,sell@binance_us/buy@kraken
2026-09-04 03:37:54+00:00,0.8377314233058333,sell@binance_us/buy@kraken
2026-09-04 03:37:57+00:00,1.5075513687300464,sell@binance_us/buy@okx
2026-09-04 03:38:00+00:00,0.16796445880580174,sell@okx/buy@coinbase
2026-09-04 03:38:03+00:00,0.19945031493277288,sell@coinbase/buy@kraken
2026-09-04 03:38:06+00:00,1.2850469359022045,sell@okx/buy@kraken
2026-09-04 03:38:09+00:00,-0.008430159356063,sell@kraken/buy@okx
2026-09-04 03:38:12+00:00,0.726462727234366,sell@okx/buy@kraken
2026-09-04 03:38:15+00:00,1.0772422598148013,sell@binance_us/buy@kraken
2026-09-04 03:38:18+00:00,1.1171401212884828,sell@binance_us/buy@kraken
2026-09-04 03:38:21+00:00,1.675803787315035,sell@binance_us/buy@kraken
2026-09-04 03:38:24+00:00,1.356559764436153,sell@binance_us/buy@coinbase
2026-09-04 03:38:27+00:00,0.35905353488081726,sell@binance_us/buy@kraken
2026-09-04 03:38:30+00:00,0.4472643534187668,sell@okx/buy@coinbase
2026-09-04 03:38:33+00:00,0.638284291824812,sell@kraken/buy@coinbase
2026-09-04 03:38:36+00:00,0.1281181187163201,sell@okx/buy@coinbase
2026-09-04 03:38:39+00:00,0.36740634959977597,sell@okx/buy@kraken
2026-09-04 03:38:42+00:00,0.52695098406886,sell@okx/buy@coinbase
2026-09-04 03:38:45+00:00,0.23089983325772978,sell@kraken/buy@okx
2026-09-04 03:38:48+00:00,0.2792438077692158,sell@binance_us/buy@kraken
2026-09-04 03:38:51+00:00,0.7180870161900339,sell@binance_us/buy@coinbase
2026-09-04 03:38:54+00:00,1.3165716474298017,sell@binance_us/buy@coinbase
2026-09-04 03:38:57+00:00,1.396375010474264,sell@binance_us/buy@kraken
2026-09-04 03:39:00+00:00,1.0375058359693836,sell@binance_us/buy@kraken
2026-09-04 03:39:03+00:00,1.4765154235998679,sell@binance_us/buy@kraken
2026-09-04 03:39:06+00:00,1.4366038684554807,sell@binance_us/buy@kraken
2026-09-04 03:39:09+00:00,1.3567817137755065,sell@binance_us/buy@kraken
2026-09-04 03:39:12+00:00,1.1971412267512458,sell@binance_us/buy@coinbase
2026-09-04 03:39:15+00:00,1.157231901291964,sell@binance_us/buy@coinbase
2026-09-04 03:39:18+00:00,1.157231901291964,sell@binance_us/buy@coinbase
2026-09-04 03:39:21+00:00,0.9976654628170082,sell@binance_us/buy@coinbase
2026-09-04 03:39:24+00:00,0.709652128716881,sell@binance_us/buy@okx
2026-09-04 03:39:27+00:00,0.5586681351652567,sell@binance_us/buy@kraken
2026-09-04 03:39:30+00:00,1.476615597051122,sell@binance_us/buy@kraken
2026-09-04 03:39:33+00:00,0.8779350966518744,sell@binance_us/buy@kraken
2026-09-04 03:39:36+00:00,1.1173986958350772,sell@binance_us/buy@kraken
2026-09-04 03:39:39+00:00,1.1173986958350772,sell@binance_us/buy@kraken
2026-09-04 03:39:42+00:00,0.7582075972403421,sell@binance_us/buy@kraken
2026-09-04 03:39:45+00:00,0.6384829644758233,sell@binance_us/buy@kraken
2026-09-04 03:39:48+00:00,0.6384829644758233,sell@binance_us/buy@coinbase
2026-09-04 03:39:51+00:00,0.7273550008976242,sell@okx/buy@coinbase
2026-09-04 03:39:54+00:00,0.9272984192881221,sell@okx/buy@kraken
2026-09-04 03:39:57+00:00,1.4462941155325588,sell@okx/buy@coinbase
2026-09-04 03:40:00+00:00,1.406369457262647,sell@okx/buy@coinbase
2026-09-04 03:40:03+00:00,0.8369964524730853,sell@okx/buy@binance_us
2026-09-04 03:40:06+00:00,1.3570849814604051,sell@kraken/buy@coinbase
2026-09-04 03:40:09+00:00,1.7165805715009153,sell@kraken/buy@coinbase
2026-09-04 03:40:12+00:00,1.3173757874311463,sell@binance_us/buy@coinbase
2026-09-04 03:40:15+00:00,0.558815311539028,sell@kraken/buy@coinbase
2026-09-04 03:40:18+00:00,0.4789845527477382,sell@kraken/buy@coinbase
2026-09-04 03:40:21+00:00,0.7574073039315431,sell@okx/buy@coinbase
2026-09-04 03:40:24+00:00,0.6376920804953801,sell@okx/buy@coinbase
2026-09-04 03:40:27+00:00,0.6376920804953801,sell@okx/buy@coinbase
2026-09-04 03:40:30+00:00,0.597780846630537,sell@okx/buy@coinbase
2026-09-04 03:40:33+00:00,0.9170707175529115,sell@okx/buy@coinbase
2026-09-04 03:40:36+00:00,0.8778930566632079,sell@binance_us/buy@kraken
2026-09-04 03:40:39+00:00,1.3168973897494594,sell@binance_us/buy@coinbase
2026-09-04 03:40:42+00:00,0.43798540250890394,sell@okx/buy@kraken
2026-09-04 03:40:45+00:00,0.8381292954127842,sell@binance_us/buy@kraken
2026-09-04 03:40:48+00:00,0.8768842777344624,sell@okx/buy@kraken
2026-09-04 03:40:51+00:00,0.8768842777344624,sell@okx/buy@kraken
2026-09-04 03:40:54+00:00,0.8768842777344624,sell@okx/buy@coinbase
2026-09-04 03:40:57+00:00,0.3980558581654267,sell@okx/buy@kraken
2026-09-04 03:41:00+00:00,0.4379619949088232,sell@okx/buy@kraken
2026-09-04 03:41:03+00:00,0.8369816440538729,sell@okx/buy@kraken
2026-09-04 03:41:06+00:00,0.6374684756581843,sell@okx/buy@kraken
2026-09-04 03:41:09+00:00,2.434721523737047,sell@binance_us/buy@coinbase
2026-09-04 03:41:12+00:00,1.4766568488954832,sell@binance_us/buy@coinbase
2026-09-04 03:41:15+00:00,1.9556662436051169,sell@binance_us/buy@coinbase
2026-09-04 03:41:18+00:00,0.8872149317117892,sell@okx/buy@coinbase
2026-09-04 03:41:21+00:00,2.962543204258391,sell@okx/buy@coinbase
2026-09-04 03:41:24+00:00,1.07755180230509,sell@binance_us/buy@coinbase
2026-09-04 03:41:27+00:00,1.9957610036282936,sell@binance_us/buy@coinbase
2026-09-04 03:41:30+00:00,1.9957610036282936,sell@binance_us/buy@coinbase
2026-09-04 03:41:33+00:00,1.086742790092349,sell@okx/buy@kraken
2026-09-04 03:41:36+00:00,1.086742790092349,sell@okx/buy@kraken
2026-09-04 03:41:39+00:00,1.086742790092349,sell@okx/buy@kraken
2026-09-04 03:41:42+00:00,0.9669826870577932,sell@okx/buy@kraken
2026-09-04 03:41:45+00:00,0.6784693730945898,sell@binance_us/buy@kraken
2026-09-04 03:41:48+00:00,0.7982088194085196,sell@binance_us/buy@kraken
2026-09-04 03:41:51+00:00,0.5986446684709456,sell@binance_us/buy@kraken
2026-09-04 03:41:54+00:00,1.396949063245508,sell@binance_us/buy@kraken
2026-09-04 03:41:57+00:00,1.3570308165739184,sell@binance_us/buy@kraken
2026-09-04 03:42:00+00:00,1.3570308165739184,sell@binance_us/buy@kraken
2026-09-04 03:42:03+00:00,0.758346803967569,sell@binance_us/buy@coinbase
2026-09-04 03:42:06+00:00,0.7982597936509325,sell@binance_us/buy@coinbase
2026-09-04 03:42:09+00:00,0.7184280793635168,sell@binance_us/buy@coinbase
2026-09-04 03:42:12+00:00,0.9669984554649712,sell@okx/buy@coinbase
2026-09-04 03:42:15+00:00,0.9669984554649712,sell@okx/buy@coinbase
2026-09-04 03:42:18+00:00,0.9669984554649712,sell@okx/buy@coinbase
2026-09-04 03:42:21+00:00,0.847256988234596,sell@okx/buy@kraken
2026-09-04 03:42:24+00:00,0.847256988234596,sell@okx/buy@kraken
2026-09-04 03:42:27+00:00,1.0867141198014911,sell@okx/buy@kraken
2026-09-04 03:42:30+00:00,0.8074177107096793,sell@okx/buy@coinbase
2026-09-04 03:42:33+00:00,0.8381761287439986,sell@binance_us/buy@kraken
2026-09-04 03:42:36+00:00,0.8381761287439986,sell@binance_us/buy@kraken
2026-09-04 03:42:39+00:00,1.516941845240432,sell@kraken/buy@coinbase
2026-09-04 03:42:42+00:00,1.676646706587117,sell@kraken/buy@coinbase
2026-09-04 03:42:45+00:00,1.2375348306171923,sell@binance_us/buy@coinbase
2026-09-04 03:42:48+00:00,0.5987689310780673,sell@binance_us/buy@coinbase
2026-09-04 03:42:51+00:00,0.6786102062977932,sell@binance_us/buy@coinbase
2026-09-04 03:42:54+00:00,0.8075747959196362,sell@okx/buy@coinbase
2026-09-04 03:42:57+00:00,0.8075747959196362,sell@okx/buy@coinbase
2026-09-04 03:43:00+00:00,0.3100980230515983,sell@kraken/buy@okx
2026-09-04 03:43:03+00:00,0.23948462907800583,sell@kraken/buy@coinbase
2026-09-04 03:43:06+00:00,0.3592269436161012,sell@kraken/buy@coinbase
2026-09-04 03:43:09+00:00,0.6785614497250548,sell@binance_us/buy@coinbase
2026-09-04 03:43:12+00:00,1.3172075200571876,sell@binance_us/buy@coinbase
2026-09-04 03:43:15+00:00,0.5986255557244206,sell@binance_us/buy@kraken
2026-09-04 03:43:18+00:00,0.997709259540096,sell@binance_us/buy@kraken
2026-09-04 03:43:21+00:00,1.0774443021153097,sell@coinbase/buy@kraken
2026-09-04 03:43:24+00:00,0.7673016221395137,sell@okx/buy@kraken
2026-09-04 03:43:27+00:00,0.36826532851797933,sell@okx/buy@kraken
2026-09-04 03:43:30+00:00,0.7274366884010032,sell@okx/buy@kraken
2026-09-04 03:43:33+00:00,0.678412514715856,sell@coinbase/buy@kraken
2026-09-04 03:43:36+00:00,0.36826532851797933,sell@okx/buy@kraken
2026-09-04 03:43:39+00:00,0.8072052515009414,sell@okx/buy@kraken
2026-09-04 03:43:42+00:00,0.8072052515009414,sell@okx/buy@kraken
2026-09-04 03:43:45+00:00,0.8072052515009414,sell@okx/buy@kraken
2026-09-04 03:43:48+00:00,0.7673016221395137,sell@okx/buy@kraken
2026-09-04 03:43:51+00:00,0.3283616991565518,sell@okx/buy@kraken
2026-09-04 03:43:54+00:00,0.3283616991565518,sell@okx/buy@kraken
2026-09-04 03:43:57+00:00,0.19952035307012803,sell@kraken/buy@coinbase
2026-09-04 03:44:00+00:00,0.19952035307012803,sell@kraken/buy@coinbase
2026-09-04 03:44:03+00:00,0.19952035307012803,sell@kraken/buy@coinbase
2026-09-04 03:44:06+00:00,0.1687389015924743,sell@okx/buy@coinbase
2026-09-04 03:44:09+00:00,0.7981355553419934,sell@binance_us/buy@kraken
2026-09-04 03:44:12+00:00,0.48798624856223805,sell@okx/buy@coinbase
2026-09-04 03:44:15+00:00,0.48798624856223805,sell@okx/buy@coinbase
2026-09-04 03:44:18+00:00,0.48798624856223805,sell@okx/buy@coinbase
2026-09-04 03:44:21+00:00,1.0865134598032176,sell@okx/buy@kraken
2026-09-04 03:44:24+00:00,0.9269008531592597,sell@okx/buy@kraken
2026-09-04 03:44:27+00:00,1.2063284925831907,sell@okx/buy@coinbase
2026-09-04 03:44:30+00:00,1.5165543884299237,sell@binance_us/buy@coinbase
2026-09-04 03:44:33+00:00,1.7959698436700766,sell@binance_us/buy@coinbase
2026-09-04 03:44:36+00:00,1.4367242686679464,sell@binance_us/buy@kraken
2026-09-04 03:44:39+00:00,1.4458424791478297,sell@okx/buy@kraken
2026-09-04 03:44:42+00:00,0.47885840157022,sell@binance_us/buy@coinbase
2026-09-04 03:44:45+00:00,0.7183048006697645,sell@binance_us/buy@coinbase
2026-09-04 03:44:48+00:00,1.0775044995789025,sell@binance_us/buy@kraken
2026-09-04 03:44:51+00:00,0.40809937833628945,sell@okx/buy@kraken
2026-09-04 03:44:54+00:00,1.5559855572635697,sell@binance_us/buy@coinbase
2026-09-04 03:44:57+00:00,1.5160824429678077,sell@binance_us/buy@kraken
2026-09-04 03:45:00+00:00,1.5160824429678077,sell@binance_us/buy@kraken
2026-09-04 03:45:03+00:00,1.9949408300549805,sell@binance_us/buy@kraken
2026-09-04 03:45:06+00:00,1.9949408300549805,sell@binance_us/buy@kraken
2026-09-04 03:45:09+00:00,2.1944786916126304,sell@binance_us/buy@coinbase
2026-09-04 03:45:12+00:00,2.154699439378982,sell@binance_us/buy@kraken
2026-09-04 03:45:15+00:00,2.473993144644367,sell@binance_us/buy@coinbase
2026-09-04 03:45:18+00:00,1.5163062779056393,sell@binance_us/buy@coinbase
2026-09-04 03:45:21+00:00,1.5163062779056393,sell@binance_us/buy@coinbase
2026-09-04 03:45:24+00:00,1.5163062779056393,sell@binance_us/buy@coinbase
2026-09-04 03:45:27+00:00,1.7958623331836172,sell@binance_us/buy@coinbase
2026-09-04 03:45:30+00:00,1.1481215965407363,sell@binance_us/buy@okx
2026-09-04 03:45:33+00:00,1.3967149264925256,sell@kraken/buy@coinbase
2026-09-04 03:45:36+00:00,0.557563860092806,sell@okx/buy@coinbase
2026-09-04 03:45:39+00:00,0.5176653659207899,sell@okx/buy@coinbase
2026-09-04 03:45:42+00:00,1.5161550308404061,sell@kraken/buy@binance_us
2026-09-04 03:45:45+00:00,2.1943386063962254,sell@binance_us/buy@kraken
2026-09-04 03:45:48+00:00,1.9948453196939109,sell@binance_us/buy@kraken
2026-09-04 03:45:51+00:00,1.9948453196939109,sell@binance_us/buy@kraken
2026-09-04 03:45:54+00:00,1.9948453196939109,sell@binance_us/buy@kraken
2026-09-04 03:45:57+00:00,1.9948453196939109,sell@binance_us/buy@kraken
2026-09-04 03:46:00+00:00,1.9948453196939109,sell@binance_us/buy@kraken
2026-09-04 03:46:03+00:00,1.9948453196939109,sell@binance_us/buy@kraken
2026-09-04 03:46:06+00:00,1.0484172187875538,sell@binance_us/buy@okx
2026-09-04 03:46:09+00:00,1.7043445909545258,sell@okx/buy@kraken
2026-09-04 03:46:12+00:00,1.0373237048423798,sell@binance_us/buy@kraken
2026-09-04 03:46:15+00:00,1.7156901862514813,sell@binance_us/buy@kraken
2026-09-04 03:46:18+00:00,1.7156901862514813,sell@binance_us/buy@kraken
2026-09-04 03:46:21+00:00,1.7156901862514813,sell@binance_us/buy@kraken
2026-09-04 03:46:24+00:00,1.7156901862514813,sell@binance_us/buy@kraken
2026-09-04 03:46:27+00:00,1.95541650371442,sell@coinbase/buy@kraken
2026-09-04 03:46:30+00:00,1.0775087996551245,sell@binance_us/buy@coinbase
2026-09-04 03:46:33+00:00,0.8092447209075532,sell@coinbase/buy@okx
2026-09-04 03:46:36+00:00,2.195635077466724,sell@kraken/buy@coinbase
2026-09-04 03:46:39+00:00,2.286386249855942,sell@kraken/buy@okx
2026-09-04 03:46:42+00:00,2.9830340604232273,sell@okx/buy@coinbase
2026-09-04 03:46:45+00:00,1.1973275648759245,sell@coinbase/buy@binance_us
2026-09-04 03:46:48+00:00,1.2771494025341985,sell@coinbase/buy@binance_us
2026-09-04 03:46:51+00:00,1.07748729961722,sell@binance_us/buy@kraken
2026-09-04 03:46:54+00:00,1.07748729961722,sell@binance_us/buy@kraken
2026-09-04 03:46:57+00:00,1.1972224439289934,sell@binance_us/buy@coinbase
2026-09-04 03:47:00+00:00,1.07748729961722,sell@binance_us/buy@kraken
2026-09-04 03:47:03+00:00,1.07748729961722,sell@binance_us/buy@kraken
2026-09-04 03:47:06+00:00,1.07748729961722,sell@binance_us/buy@kraken
2026-09-04 03:47:09+00:00,0.9976654628170082,sell@binance_us/buy@kraken
2026-09-04 03:47:12+00:00,0.7490685158804866,sell@binance_us/buy@okx
2026-09-04 03:47:15+00:00,0.7490685158804866,sell@binance_us/buy@okx
2026-09-04 03:47:18+00:00,1.675837220344954,sell@binance_us/buy@coinbase
2026-09-04 03:47:21+00:00,1.0063553456221583,sell@okx/buy@kraken
2026-09-04 03:47:24+00:00,0.4079179265814955,sell@okx/buy@kraken
2026-09-04 03:47:27+00:00,0.3579141368589611,sell@okx/buy@kraken
2026-09-04 03:47:30+00:00,0.44781152638580496,sell@okx/buy@kraken
2026-09-04 03:47:33+00:00,0.6383072092804063,sell@binance_us/buy@coinbase
2026-09-04 03:47:36+00:00,0.23935565457765867,sell@binance_us/buy@coinbase
2026-09-04 03:47:39+00:00,0.3191408727702115,sell@binance_us/buy@kraken
2026-09-04 03:47:42+00:00,0.1904432310695446,sell@coinbase/buy@okx
2026-09-04 03:47:45+00:00,0.1286754586460205,sell@okx/buy@kraken
2026-09-04 03:47:48+00:00,-0.009000857520034697,sell@kraken/buy@okx
2026-09-04 03:47:51+00:00,0.048893033088451845,sell@okx/buy@kraken
2026-09-04 03:47:54+00:00,0.11067017846359242,sell@kraken/buy@okx
2026-09-04 03:47:57+00:00,0.039890699484286175,sell@coinbase/buy@kraken
2026-09-04 03:48:00+00:00,0.39890062986373176,sell@binance_us/buy@coinbase
2026-09-04 03:48:03+00:00,0.31012254156296815,sell@binance_us/buy@okx
2026-09-04 03:48:06+00:00,1.2364982369926185,sell@binance_us/buy@kraken
2026-09-04 03:48:09+00:00,0.877472878112056,sell@coinbase/buy@kraken
2026-09-04 03:48:12+00:00,1.3162828173235872,sell@binance_us/buy@kraken
2026-09-04 03:48:15+00:00,1.6753291822402054,sell@binance_us/buy@kraken
2026-09-04 03:48:18+00:00,0.43869444533120366,sell@binance_us/buy@coinbase
2026-09-04 03:48:21+00:00,0.43869444533120366,sell@binance_us/buy@coinbase
2026-09-04 03:48:24+00:00,0.5981982269390045,sell@coinbase/buy@kraken
2026-09-04 03:48:27+00:00,0.9968579038869483,sell@binance_us/buy@kraken
2026-09-04 03:48:30+00:00,0.7487312117320546,sell@coinbase/buy@okx
2026-09-04 03:48:33+00:00,0.3588330748393854,sell@coinbase/buy@kraken
2026-09-04 03:48:36+00:00,1.555309187490021,sell@binance_us/buy@kraken
2026-09-04 03:48:39+00:00,1.9452633560575867,sell@binance_us/buy@okx
2026-09-04 03:48:42+00:00,0.7887133026154999,sell@binance_us/buy@okx
2026-09-04 03:48:45+00:00,1.865688180207017,sell@binance_us/buy@okx
2026-09-04 03:48:48+00:00,1.1077927898409663,sell@binance_us/buy@okx
2026-09-04 03:48:51+00:00,1.1077927898409663,sell@binance_us/buy@okx
2026-09-04 03:48:54+00:00,1.3961577738061217,sell@binance_us/buy@kraken
2026-09-04 03:48:57+00:00,1.4360479959139352,sell@binance_us/buy@kraken
2026-09-04 03:49:00+00:00,1.715327448030909,sell@binance_us/buy@coinbase
2026-09-04 03:49:03+00:00,1.6754294285174762,sell@binance_us/buy@kraken
2026-09-04 03:49:06+00:00,1.0861352248440697,sell@okx/buy@kraken
2026-09-04 03:49:09+00:00,0.597267378078741,sell@okx/buy@kraken
2026-09-04 03:49:12+00:00,0.6472723646162822,sell@okx/buy@kraken
2026-09-04 03:49:15+00:00,1.515931240550798,sell@binance_us/buy@coinbase
2026-09-04 03:49:18+00:00,1.555830374597389,sell@binance_us/buy@coinbase
2026-09-04 03:49:21+00:00,1.7154300942301353,sell@binance_us/buy@coinbase
2026-09-04 03:49:24+00:00,1.7154300942301353,sell@binance_us/buy@coinbase
2026-09-04 03:49:27+00:00,1.9548392244484023,sell@binance_us/buy@coinbase
2026-09-04 03:49:30+00:00,1.9548392244484023,sell@binance_us/buy@coinbase
2026-09-04 03:49:33+00:00,1.3474459445799765,sell@binance_us/buy@okx
2026-09-04 03:49:36+00:00,1.1972606675932742,sell@kraken/buy@coinbase
2026-09-04 03:49:39+00:00,1.1972606675932742,sell@kraken/buy@coinbase
2026-09-04 03:49:42+00:00,1.077534600833221,sell@binance_us/buy@coinbase
2026-09-04 03:49:45+00:00,0.11971412267585044,sell@coinbase/buy@kraken
2026-09-04 03:49:48+00:00,0.24854966340440737,sell@okx/buy@kraken
2026-09-04 03:49:51+00:00,0.4298193634867895,sell@coinbase/buy@okx
2026-09-04 03:49:54+00:00,0.07070741548887088,sell@binance_us/buy@okx
2026-09-04 03:49:57+00:00,0.3899129411356801,sell@binance_us/buy@okx
2026-09-04 03:50:00+00:00,0.6782825884862439,sell@kraken/buy@coinbase
2026-09-04 03:50:03+00:00,0.4877990249276921,sell@okx/buy@kraken
2026-09-04 03:50:06+00:00,0.1505310825421363,sell@kraken/buy@okx
2026-09-04 03:50:09+00:00,0.4298107663259196,sell@binance_us/buy@okx
2026-09-04 03:50:12+00:00,0.4298107663259196,sell@binance_us/buy@okx
2026-09-04 03:50:15+00:00,0.9086286068263352,sell@binance_us/buy@okx
2026-09-04 03:50:18+00:00,0.1196940619783836,sell@binance_us/buy@kraken
2026-09-04 03:50:21+00:00,0.2792861446150189,sell@binance_us/buy@kraken
2026-09-04 03:50:24+00:00,0.6075189814847273,sell@okx/buy@kraken
2026-09-04 03:50:27+00:00,-0.15054234434874367,sell@okx/buy@kraken
2026-09-04 03:50:30+00:00,0.8068728632005671,sell@okx/buy@kraken
2026-09-04 03:50:33+00:00,0.4388292036850775,sell@coinbase/buy@kraken
2026-09-04 03:50:36+00:00,0.47872467746062736,sell@coinbase/buy@kraken
2026-09-04 03:50:39+00:00,0.47872467746062736,sell@coinbase/buy@kraken
2026-09-04 03:50:42+00:00,0.47872467746062736,sell@coinbase/buy@kraken
2026-09-04 03:50:45+00:00,0.7669851515562788,sell@okx/buy@kraken
2026-09-04 03:50:48+00:00,0.19945668000439562,sell@binance_us/buy@coinbase
2026-09-04 03:50:51+00:00,0.19945668000439562,sell@binance_us/buy@coinbase
2026-09-04 03:50:54+00:00,-0.009002289589241392,sell@binance_us/buy@okx
2026-09-04 03:50:57+00:00,-0.009002289589241392,sell@binance_us/buy@okx
2026-09-04 03:51:00+00:00,0.7989516834509928,sell@coinbase/buy@okx
2026-09-04 03:51:03+00:00,0.7989516834509928,sell@coinbase/buy@okx
2026-09-04 03:51:06+00:00,0.7989516834509928,sell@coinbase/buy@okx
2026-09-04 03:51:09+00:00,0.7989516834509928,sell@coinbase/buy@okx
2026-09-04 03:51:12+00:00,0.7989516834509928,sell@coinbase/buy@okx
2026-09-04 03:51:15+00:00,0.7989516834509928,sell@coinbase/buy@okx
2026-09-04 03:51:18+00:00,0.6781445963845827,sell@coinbase/buy@kraken
2026-09-04 03:51:21+00:00,0.7590581151708388,sell@binance_us/buy@okx
2026-09-04 03:51:24+00:00,0.3191345072161388,sell@binance_us/buy@coinbase
2026-09-04 03:51:27+00:00,0.5584720205512624,sell@coinbase/buy@kraken
2026-09-04 03:51:30+00:00,0.6792531556955412,sell@binance_us/buy@okx
2026-09-04 03:51:33+00:00,0.6792531556955412,sell@binance_us/buy@okx
2026-09-04 03:51:36+00:00,1.6356883255732069,sell@binance_us/buy@coinbase
2026-09-04 03:51:39+00:00,1.3175680711056936,sell@binance_us/buy@okx
2026-09-04 03:51:42+00:00,1.3175680711056936,sell@binance_us/buy@okx
2026-09-04 03:51:45+00:00,2.1146710290058865,sell@kraken/buy@coinbase
2026-09-04 03:51:48+00:00,2.1944874475307112,sell@kraken/buy@coinbase
2026-09-04 03:51:51+00:00,2.305122692748695,sell@kraken/buy@okx
2026-09-04 03:51:54+00:00,2.305122692748695,sell@kraken/buy@okx
2026-09-04 03:51:57+00:00,1.227876482581347,sell@kraken/buy@okx
2026-09-04 03:52:00+00:00,0.5586034912713124,sell@kraken/buy@coinbase
2026-09-04 03:52:03+00:00,1.227876482581347,sell@kraken/buy@okx
2026-09-04 03:52:06+00:00,1.5870718641594916,sell@binance_us/buy@okx
2026-09-04 03:52:09+00:00,1.3476409711795674,sell@binance_us/buy@okx
2026-09-04 03:52:12+00:00,1.1971364496132526,sell@binance_us/buy@coinbase
2026-09-04 03:52:15+00:00,1.1971364496132526,sell@binance_us/buy@coinbase
2026-09-04 03:52:18+00:00,1.5562773844957767,sell@kraken/buy@coinbase
2026-09-04 03:52:21+00:00,0.6384065372841756,sell@kraken/buy@coinbase
2026-09-04 03:52:24+00:00,0.6384065372841756,sell@kraken/buy@coinbase
2026-09-04 03:52:27+00:00,0.9177093973443015,sell@kraken/buy@coinbase
2026-09-04 03:52:30+00:00,0.9177093973443015,sell@kraken/buy@coinbase
2026-09-04 03:52:33+00:00,0.678306945863416,sell@kraken/buy@coinbase
2026-09-04 03:52:36+00:00,0.678306945863416,sell@kraken/buy@coinbase
2026-09-04 03:52:39+00:00,0.8379286404010741,sell@binance_us/buy@coinbase
2026-09-04 03:52:42+00:00,0.8379286404010741,sell@binance_us/buy@coinbase
2026-09-04 03:52:45+00:00,0.8379286404010741,sell@binance_us/buy@coinbase
2026-09-04 03:52:48+00:00,0.8379286404010741,sell@binance_us/buy@coinbase
2026-09-04 03:52:51+00:00,0.9975500171578604,sell@binance_us/buy@kraken
2026-09-04 03:52:54+00:00,1.4274125757550866,sell@binance_us/buy@okx
2026-09-04 03:52:57+00:00,1.1972272217551427,sell@binance_us/buy@coinbase
2026-09-04 03:53:00+00:00,1.476621490032189,sell@binance_us/buy@coinbase
2026-09-04 03:53:03+00:00,1.1266228453526765,sell@okx/buy@kraken
2026-09-04 03:53:06+00:00,1.756269683193116,sell@binance_us/buy@coinbase
2026-09-04 03:53:09+00:00,1.1974040280660614,sell@binance_us/buy@coinbase
2026-09-04 03:53:12+00:00,1.0386213433808018,sell@binance_us/buy@okx
2026-09-04 03:53:15+00:00,0.9165662578499124,sell@okx/buy@kraken
2026-09-04 03:53:18+00:00,1.2767213794962895,sell@binance_us/buy@kraken
2026-09-04 03:53:21+00:00,1.2767213794962895,sell@binance_us/buy@kraken
2026-09-04 03:53:24+00:00,1.2767213794962895,sell@binance_us/buy@kraken
2026-09-04 03:53:27+00:00,1.2767213794962895,sell@binance_us/buy@kraken
2026-09-04 03:53:30+00:00,0.32022981892688024,sell@coinbase/buy@okx
2026-09-04 03:53:33+00:00,0.32022981892688024,sell@coinbase/buy@okx
2026-09-04 03:53:36+00:00,0.32022981892688024,sell@coinbase/buy@okx
2026-09-04 03:53:39+00:00,0.32022981892688024,sell@coinbase/buy@okx
2026-09-04 03:53:42+00:00,0.3579292544478572,sell@okx/buy@kraken
2026-09-04 03:53:45+00:00,0.3079254646482554,sell@okx/buy@kraken
2026-09-04 03:53:48+00:00,0.3079254646482554,sell@okx/buy@kraken
2026-09-04 03:53:51+00:00,0.3079254646482554,sell@okx/buy@kraken
2026-09-04 03:53:54+00:00,0.34781946128801944,sell@okx/buy@kraken
2026-09-04 03:53:57+00:00,0.6782068211651304,sell@coinbase/buy@kraken
2026-09-04 03:54:00+00:00,0.3303408573387295,sell@coinbase/buy@okx
2026-09-04 03:54:03+00:00,0.3303408573387295,sell@coinbase/buy@okx
2026-09-04 03:54:06+00:00,0.3303408573387295,sell@coinbase/buy@okx
2026-09-04 03:54:09+00:00,0.3303408573387295,sell@coinbase/buy@okx
2026-09-04 03:54:12+00:00,0.3303408573387295,sell@coinbase/buy@okx
2026-09-04 03:54:15+00:00,0.3303408573387295,sell@coinbase/buy@okx
2026-09-04 03:54:18+00:00,1.218070580704979,sell@binance_us/buy@okx
2026-09-04 03:54:21+00:00,1.218070580704979,sell@binance_us/buy@okx
2026-09-04 03:54:24+00:00,1.218070580704979,sell@binance_us/buy@okx
2026-09-04 03:54:27+00:00,1.218070580704979,sell@binance_us/buy@okx
2026-09-04 03:54:30+00:00,1.218070580704979,sell@binance_us/buy@okx
2026-09-04 03:54:33+00:00,1.6356622237819483,sell@binance_us/buy@kraken
2026-09-04 03:54:36+00:00,1.6356622237819483,sell@binance_us/buy@kraken
2026-09-04 03:54:39+00:00,1.7154643123574718,sell@binance_us/buy@kraken
2026-09-04 03:54:42+00:00,2.1543985637341456,sell@binance_us/buy@coinbase
2026-09-04 03:54:45+00:00,1.5273410767673512,sell@kraken/buy@okx
2026-09-04 03:54:48+00:00,1.8864996013696262,sell@kraken/buy@okx
2026-09-04 03:54:51+00:00,2.1148651075179274,sell@kraken/buy@coinbase
2026-09-04 03:54:54+00:00,2.1148651075179274,sell@kraken/buy@coinbase
2026-09-04 03:54:57+00:00,2.1148651075179274,sell@kraken/buy@coinbase
2026-09-04 03:55:00+00:00,1.9365115344643364,sell@kraken/buy@okx
2026-09-04 03:55:03+00:00,2.1547768209857847,sell@kraken/buy@coinbase
2026-09-04 03:55:06+00:00,2.315064282948463,sell@binance_us/buy@coinbase
2026-09-04 03:55:09+00:00,0.8491250998292244,sell@binance_us/buy@okx
2026-09-04 03:55:12+00:00,0.5986422793108868,sell@binance_us/buy@kraken
2026-09-04 03:55:15+00:00,0.5986422793108868,sell@binance_us/buy@kraken
2026-09-04 03:55:18+00:00,0.5986422793108868,sell@binance_us/buy@kraken
2026-09-04 03:55:21+00:00,0.5986422793108868,sell@binance_us/buy@kraken
2026-09-04 03:55:24+00:00,0.5986422793108868,sell@binance_us/buy@kraken
2026-09-04 03:55:27+00:00,0.8779280897074899,sell@kraken/buy@coinbase
2026-09-04 03:55:30+00:00,0.5374995011757518,sell@okx/buy@coinbase
2026-09-04 03:55:33+00:00,1.7956831776402251,sell@kraken/buy@coinbase
2026-09-04 03:55:36+00:00,0.18082487597025795,sell@coinbase/buy@okx
2026-09-04 03:55:39+00:00,0.3192058159314904,sell@binance_us/buy@coinbase
2026-09-04 03:55:42+00:00,0.5187094508866307,sell@kraken/buy@coinbase
2026-09-04 03:55:45+00:00,0.3192058159314904,sell@binance_us/buy@coinbase
2026-09-04 03:55:48+00:00,0.34042175468346275,sell@binance_us/buy@okx
2026-09-04 03:55:51+00:00,0.3803225663242009,sell@kraken/buy@okx
2026-09-04 03:55:54+00:00,0.34042175468346275,sell@binance_us/buy@okx
2026-09-04 03:55:57+00:00,0.34042175468346275,sell@binance_us/buy@okx
2026-09-04 03:56:00+00:00,0.34042175468346275,sell@binance_us/buy@okx
2026-09-04 03:56:03+00:00,0.34042175468346275,sell@binance_us/buy@okx
2026-09-04 03:56:06+00:00,0.34042175468346275,sell@binance_us/buy@okx
2026-09-04 03:56:09+00:00,0.3990104540753484,sell@binance_us/buy@coinbase
2026-09-04 03:56:12+00:00,0.5586235515702407,sell@binance_us/buy@kraken
2026-09-04 03:56:15+00:00,0.6384320109822645,sell@binance_us/buy@kraken
2026-09-04 03:56:18+00:00,1.197298893696548,sell@binance_us/buy@coinbase
2026-09-04 03:56:21+00:00,1.4767216778746814,sell@binance_us/buy@kraken
2026-09-04 03:56:24+00:00,1.4767216778746814,sell@binance_us/buy@kraken
2026-09-04 03:56:27+00:00,1.4767216778746814,sell@binance_us/buy@kraken
2026-09-04 03:56:30+00:00,1.4767216778746814,sell@binance_us/buy@kraken
2026-09-04 03:56:33+00:00,1.4767216778746814,sell@binance_us/buy@kraken
2026-09-04 03:56:36+00:00,1.4767216778746814,sell@binance_us/buy@kraken
2026-09-04 03:56:39+00:00,1.4767216778746814,sell@binance_us/buy@kraken
2026-09-04 03:56:42+00:00,0.8779981641866731,sell@binance_us/buy@coinbase
2026-09-04 03:56:45+00:00,0.26825814561395545,sell@okx/buy@coinbase
2026-09-04 03:56:48+00:00,0.26825814561395545,sell@okx/buy@coinbase
2026-09-04 03:56:51+00:00,0.1884516849904395,sell@okx/buy@kraken
2026-09-04 03:56:54+00:00,0.11971555583830955,sell@binance_us/buy@kraken
2026-09-04 03:56:57+00:00,0.09087461919407006,sell@binance_us/buy@okx
2026-09-04 03:57:00+00:00,0.09087461919407006,sell@binance_us/buy@okx
2026-09-04 03:57:03+00:00,0.21060511528324108,sell@kraken/buy@okx
2026-09-04 03:57:06+00:00,0.4500202509119008,sell@binance_us/buy@okx
2026-09-04 03:57:09+00:00,1.6871564120819158,sell@coinbase/buy@okx
2026-09-04 03:57:12+00:00,1.607355031196952,sell@binance_us/buy@okx
2026-09-04 03:57:15+00:00,0.8490645835506898,sell@coinbase/buy@okx
2026-09-04 03:57:18+00:00,0.6894468504954754,sell@binance_us/buy@okx
2026-09-04 03:57:21+00:00,0.26821515502221693,sell@okx/buy@kraken
2026-09-04 03:57:24+00:00,0.05100457747217144,sell@coinbase/buy@okx
2026-09-04 03:57:27+00:00,0.05100457747217144,sell@coinbase/buy@okx
2026-09-04 03:57:30+00:00,0.21061084684737,sell@coinbase/buy@okx
2026-09-04 03:57:33+00:00,0.22826018433295975,sell@okx/buy@kraken
2026-09-04 03:57:36+00:00,0.011125775457236095,sell@coinbase/buy@okx
2026-09-04 03:57:39+00:00,0.5298233855995816,sell@coinbase/buy@okx
2026-09-04 03:57:42+00:00,0.8889532536889925,sell@coinbase/buy@okx
2026-09-04 03:57:45+00:00,0.8889532536889925,sell@coinbase/buy@okx
2026-09-04 03:57:48+00:00,0.4899208630400653,sell@kraken/buy@okx
2026-09-04 03:57:51+00:00,0.569720654527046,sell@kraken/buy@okx
2026-09-04 03:57:54+00:00,0.4500202509125357,sell@kraken/buy@okx
2026-09-04 03:57:57+00:00,0.3080161823781031,sell@okx/buy@coinbase
2026-09-04 03:58:00+00:00,0.3191790714298105,sell@kraken/buy@coinbase
2026-09-04 03:58:03+00:00,0.5984607589284,sell@binance_us/buy@coinbase
2026-09-04 03:58:06+00:00,0.4500202509122001,sell@kraken/buy@okx
2026-09-04 03:58:09+00:00,0.4101240958508721,sell@kraken/buy@okx
2026-09-04 03:58:12+00:00,0.4101240958508721,sell@kraken/buy@okx
2026-09-04 03:58:15+00:00,0.2904356306628786,sell@binance_us/buy@okx
2026-09-04 03:58:18+00:00,0.33033130823198936,sell@binance_us/buy@okx
2026-09-04 03:58:21+00:00,0.14838369291078118,sell@okx/buy@coinbase
2026-09-04 03:58:24+00:00,0.039894359736291414,sell@binance_us/buy@kraken
2026-09-04 03:58:27+00:00,0.6495042095387137,sell@binance_us/buy@okx
2026-09-04 03:58:30+00:00,0.6495042095387137,sell@binance_us/buy@okx
2026-09-04 03:58:33+00:00,1.2081016348055595,sell@binance_us/buy@okx
2026-09-04 03:58:36+00:00,1.2081016348055595,sell@binance_us/buy@okx
2026-09-04 03:58:39+00:00,1.2081016348055595,sell@binance_us/buy@okx
2026-09-04 03:58:42+00:00,1.2081016348055595,sell@binance_us/buy@okx
2026-09-04 03:58:45+00:00,1.2081016348055595,sell@binance_us/buy@okx
2026-09-04 03:58:48+00:00,0.6495042095387137,sell@binance_us/buy@okx
2026-09-04 03:58:51+00:00,0.6495042095387137,sell@binance_us/buy@okx
2026-09-04 03:58:54+00:00,0.8378484052953471,sell@binance_us/buy@kraken
2026-09-04 03:58:57+00:00,0.8378484052953471,sell@binance_us/buy@kraken
2026-09-04 03:59:00+00:00,0.6894019562752091,sell@binance_us/buy@okx
2026-09-04 03:59:03+00:00,0.6894019562752091,sell@binance_us/buy@okx
2026-09-04 03:59:06+00:00,1.8468370515019112,sell@binance_us/buy@okx
2026-09-04 03:59:09+00:00,1.8468370515019112,sell@binance_us/buy@okx
2026-09-04 03:59:12+00:00,2.6451932870732278,sell@binance_us/buy@okx
2026-09-04 03:59:15+00:00,0.8490996170517666,sell@binance_us/buy@okx
2026-09-04 03:59:18+00:00,1.767108302939002,sell@binance_us/buy@okx
2026-09-04 03:59:21+00:00,2.04657345089755,sell@binance_us/buy@okx
2026-09-04 03:59:24+00:00,1.328096474258015,sell@binance_us/buy@okx
2026-09-04 03:59:27+00:00,2.0466371751293138,sell@binance_us/buy@okx
2026-09-04 03:59:30+00:00,2.1954334983242134,sell@binance_us/buy@coinbase
2026-09-04 03:59:33+00:00,1.966830545478402,sell@binance_us/buy@okx
2026-09-04 03:59:36+00:00,1.966830545478402,sell@binance_us/buy@okx
2026-09-04 03:59:39+00:00,2.326194906735172,sell@binance_us/buy@okx
2026-09-04 03:59:42+00:00,0.4899315322067276,sell@binance_us/buy@okx
2026-09-04 03:59:45+00:00,1.088638982049725,sell@binance_us/buy@okx
2026-09-04 03:59:48+00:00,1.0487253113545623,sell@binance_us/buy@okx
2026-09-04 03:59:51+00:00,2.445982604813596,sell@binance_us/buy@okx
2026-09-04 03:59:54+00:00,2.046860249993859,sell@binance_us/buy@okx
2026-09-04 03:59:57+00:00,1.7565851983745782,sell@binance_us/buy@coinbase
2026-09-04 04:00:00+00:00,2.286532874098875,sell@binance_us/buy@okx
2026-09-04 04:00:03+00:00,1.9162900624391903,sell@binance_us/buy@coinbase
2026-09-04 04:00:06+00:00,2.1268160417468893,sell@binance_us/buy@okx
2026-09-04 04:00:09+00:00,1.0888123507021918,sell@binance_us/buy@okx
2026-09-04 04:00:12+00:00,1.0888123507021918,sell@binance_us/buy@okx
2026-09-04 04:00:15+00:00,1.3574696765235423,sell@binance_us/buy@coinbase
2026-09-04 04:00:18+00:00,1.7168684319794147,sell@binance_us/buy@kraken
2026-09-04 04:00:21+00:00,1.6769345636161817,sell@binance_us/buy@kraken
2026-09-04 04:00:24+00:00,0.7985402683886579,sell@binance_us/buy@kraken
2026-09-04 04:00:27+00:00,0.7985402683886579,sell@binance_us/buy@kraken
2026-09-04 04:00:30+00:00,1.038123073484014,sell@binance_us/buy@kraken
2026-09-04 04:00:33+00:00,0.689578764924313,sell@binance_us/buy@okx
2026-09-04 04:00:36+00:00,0.689578764924313,sell@binance_us/buy@okx
2026-09-04 04:00:39+00:00,0.9981912774053415,sell@binance_us/buy@kraken
2026-09-04 04:00:42+00:00,0.929148756351869,sell@binance_us/buy@okx
2026-09-04 04:00:45+00:00,1.038123073484014,sell@binance_us/buy@kraken
2026-09-04 04:00:48+00:00,0.7586283998532835,sell@binance_us/buy@kraken
2026-09-04 04:00:51+00:00,0.7586283998532835,sell@binance_us/buy@kraken
2026-09-04 04:00:54+00:00,1.4774351725400339,sell@binance_us/buy@coinbase
2026-09-04 04:00:57+00:00,0.9184093150663778,sell@binance_us/buy@coinbase
2026-09-04 04:01:00+00:00,1.1180590494890683,sell@binance_us/buy@coinbase
2026-09-04 04:01:03+00:00,1.1180590494890683,sell@binance_us/buy@coinbase
2026-09-04 04:01:06+00:00,1.4774882699406644,sell@binance_us/buy@coinbase
2026-09-04 04:01:09+00:00,1.5175779455992602,sell@binance_us/buy@kraken
2026-09-04 04:01:12+00:00,1.1982074816082418,sell@binance_us/buy@coinbase
2026-09-04 04:01:15+00:00,1.11832698283448,sell@binance_us/buy@coinbase
2026-09-04 04:01:18+00:00,1.318054551481722,sell@binance_us/buy@coinbase
2026-09-04 04:01:21+00:00,1.318054551481722,sell@binance_us/buy@coinbase
2026-09-04 04:01:24+00:00,1.5577381641850938,sell@binance_us/buy@kraken
2026-09-04 04:01:27+00:00,0.7188929049275757,sell@binance_us/buy@kraken
2026-09-04 04:01:30+00:00,0.35943353275296336,sell@binance_us/buy@coinbase
2026-09-04 04:01:33+00:00,0.35943353275296336,sell@binance_us/buy@coinbase
2026-09-04 04:01:36+00:00,1.0091776397772774,sell@binance_us/buy@okx
2026-09-04 04:01:39+00:00,0.8786644300655,sell@binance_us/buy@coinbase
2026-09-04 04:01:42+00:00,0.8786644300655,sell@binance_us/buy@coinbase
2026-09-04 04:01:45+00:00,0.8786644300655,sell@binance_us/buy@coinbase
2026-09-04 04:01:48+00:00,0.8893529354852322,sell@binance_us/buy@okx
2026-09-04 04:01:51+00:00,0.8786644300655,sell@binance_us/buy@coinbase
2026-09-04 04:01:54+00:00,0.9585430146169092,sell@binance_us/buy@coinbase
2026-09-04 04:01:57+00:00,0.8786539022228133,sell@binance_us/buy@kraken
2026-09-04 04:02:00+00:00,0.8894055793876757,sell@binance_us/buy@okx
2026-09-04 04:02:03+00:00,2.4873006081503157,sell@binance_us/buy@okx
2026-09-04 04:02:06+00:00,2.436968411295039,sell@binance_us/buy@coinbase
2026-09-04 04:02:09+00:00,3.2362718148690526,sell@binance_us/buy@kraken
2026-09-04 04:02:12+00:00,1.8779417758147259,sell@binance_us/buy@kraken
2026-09-04 04:02:15+00:00,2.0377991768898323,sell@binance_us/buy@kraken
2026-09-04 04:02:18+00:00,1.758052078297465,sell@binance_us/buy@kraken
2026-09-04 04:02:21+00:00,1.5288002078701892,sell@binance_us/buy@okx
2026-09-04 04:02:24+00:00,1.39840023013636,sell@binance_us/buy@kraken
2026-09-04 04:02:27+00:00,0.029355238188653016,sell@okx/buy@kraken
2026-09-04 04:02:30+00:00,1.718075755153573,sell@binance_us/buy@coinbase
2026-09-04 04:02:33+00:00,1.718075755153573,sell@binance_us/buy@coinbase
2026-09-04 04:02:36+00:00,2.0377828922141443,sell@binance_us/buy@kraken
2026-09-04 04:02:39+00:00,1.638152164358022,sell@binance_us/buy@coinbase
2026-09-04 04:02:42+00:00,1.638152164358022,sell@binance_us/buy@coinbase
2026-09-04 04:02:45+00:00,1.5582298508888808,sell@binance_us/buy@coinbase
2026-09-04 04:02:48+00:00,1.5582298508888808,sell@binance_us/buy@coinbase
2026-09-04 04:02:51+00:00,1.678113800088991,sell@binance_us/buy@kraken
2026-09-04 04:02:54+00:00,1.928407406100314,sell@binance_us/buy@okx
2026-09-04 04:02:57+00:00,2.887594978137618,sell@binance_us/buy@okx
2026-09-04 04:03:00+00:00,2.7971916196131805,sell@binance_us/buy@kraken
2026-09-04 04:03:03+00:00,2.7971916196131805,sell@binance_us/buy@kraken
2026-09-04 04:03:06+00:00,1.8884452493313255,sell@binance_us/buy@okx
2026-09-04 04:03:09+00:00,1.049416687076056,sell@binance_us/buy@okx
2026-09-04 04:03:12+00:00,1.5289898834660356,sell@binance_us/buy@okx
2026-09-04 04:03:15+00:00,1.8383014094977694,sell@binance_us/buy@coinbase
2026-09-04 04:03:18+00:00,1.5289898834660356,sell@binance_us/buy@okx
2026-09-04 04:03:21+00:00,1.5289898834660356,sell@binance_us/buy@okx
2026-09-04 04:03:24+00:00,1.3587065113999104,sell@binance_us/buy@coinbase
2026-09-04 04:03:27+00:00,1.3587065113999104,sell@binance_us/buy@coinbase
2026-09-04 04:03:30+00:00,1.3587065113999104,sell@binance_us/buy@coinbase
2026-09-04 04:03:33+00:00,1.3587065113999104,sell@binance_us/buy@coinbase
2026-09-04 04:03:36+00:00,0.5194016493004424,sell@kraken/buy@coinbase
2026-09-04 04:03:39+00:00,0.39953973023041073,sell@kraken/buy@coinbase
2026-09-04 04:03:42+00:00,1.0094435126158126,sell@binance_us/buy@okx
2026-09-04 04:03:45+00:00,1.4490662069805864,sell@binance_us/buy@okx
2026-09-04 04:03:48+00:00,1.398657289002194,sell@binance_us/buy@coinbase
2026-09-04 04:03:51+00:00,1.398657289002194,sell@binance_us/buy@coinbase
2026-09-04 04:03:54+00:00,1.398657289002194,sell@binance_us/buy@coinbase
2026-09-04 04:03:57+00:00,1.398657289002194,sell@binance_us/buy@coinbase
2026-09-04 04:04:00+00:00,1.398657289002194,sell@binance_us/buy@coinbase
2026-09-04 04:04:03+00:00,1.398657289002194,sell@binance_us/buy@coinbase
2026-09-04 04:04:06+00:00,-0.019394318285786197,sell@kraken/buy@okx
2026-09-04 04:04:09+00:00,0.6392891105085323,sell@kraken/buy@coinbase
2026-09-04 04:04:12+00:00,0.8390669575415403,sell@binance_us/buy@coinbase
2026-09-04 04:04:15+00:00,0.9988573072405168,sell@kraken/buy@coinbase
2026-09-04 04:04:18+00:00,0.22914356142934647,sell@okx/buy@coinbase
2026-09-04 04:04:21+00:00,0.07990283814873837,sell@kraken/buy@coinbase
2026-09-04 04:04:24+00:00,0.5193684479677079,sell@kraken/buy@coinbase
2026-09-04 04:04:27+00:00,0.22914356142934647,sell@okx/buy@coinbase
2026-09-04 04:04:30+00:00,0.4794131982449117,sell@binance_us/buy@coinbase
2026-09-04 04:04:33+00:00,0.5193663730235288,sell@binance_us/buy@kraken
2026-09-04 04:04:36+00:00,0.5193663730235288,sell@binance_us/buy@coinbase
2026-09-04 04:04:39+00:00,0.5593198670411687,sell@binance_us/buy@kraken
2026-09-04 04:04:42+00:00,0.9189193508434808,sell@binance_us/buy@kraken
2026-09-04 04:04:45+00:00,0.9588723660965972,sell@binance_us/buy@kraken
2026-09-04 04:04:48+00:00,0.9588723660965972,sell@binance_us/buy@kraken
2026-09-04 04:04:51+00:00,0.9588723660965972,sell@binance_us/buy@kraken
2026-09-04 04:04:54+00:00,0.2902271733125422,sell@kraken/buy@okx
2026-09-04 04:04:57+00:00,0.7883145780151127,sell@okx/buy@coinbase
2026-09-04 04:05:00+00:00,0.8282602095638946,sell@okx/buy@coinbase
2026-09-04 04:05:03+00:00,0.7590011544809214,sell@binance_us/buy@coinbase
2026-09-04 04:05:06+00:00,0.7590011544809214,sell@binance_us/buy@coinbase
2026-09-04 04:05:09+00:00,0.7590011544809214,sell@binance_us/buy@coinbase
2026-09-04 04:05:12+00:00,1.7177394548767273,sell@kraken/buy@coinbase
2026-09-04 04:05:15+00:00,1.3582071665389317,sell@kraken/buy@coinbase
2026-09-04 04:05:18+00:00,1.1185235489144143,sell@binance_us/buy@coinbase
2026-09-04 04:05:21+00:00,1.1185235489144143,sell@binance_us/buy@coinbase
2026-09-04 04:05:24+00:00,1.1185235489144143,sell@binance_us/buy@coinbase
2026-09-04 04:05:27+00:00,1.1185235489144143,sell@binance_us/buy@coinbase
2026-09-04 04:05:30+00:00,1.1185235489144143,sell@binance_us/buy@coinbase
2026-09-04 04:05:33+00:00,1.1185235489144143,sell@binance_us/buy@coinbase
2026-09-04 04:05:36+00:00,1.1185235489144143,sell@binance_us/buy@coinbase
2026-09-04 04:05:39+00:00,1.0785762793112363,sell@binance_us/buy@coinbase
2026-09-04 04:05:42+00:00,1.0785762793112363,sell@binance_us/buy@coinbase
2026-09-04 04:05:45+00:00,1.0785159620361655,sell@binance_us/buy@coinbase
2026-09-04 04:05:48+00:00,1.0785159620361655,sell@binance_us/buy@coinbase
2026-09-04 04:05:51+00:00,1.1584060332980364,sell@binance_us/buy@coinbase
2026-09-04 04:05:54+00:00,1.2782411401917508,sell@kraken/buy@coinbase
2026-09-04 04:05:57+00:00,0.9982949122898089,sell@binance_us/buy@coinbase
2026-09-04 04:06:00+00:00,1.1580405953125856,sell@binance_us/buy@coinbase
2026-09-04 04:06:03+00:00,1.2379153505494562,sell@binance_us/buy@kraken
2026-09-04 04:06:06+00:00,1.4775472715288256,sell@binance_us/buy@kraken
2026-09-04 04:06:09+00:00,0.8785346042792619,sell@binance_us/buy@kraken
2026-09-04 04:06:12+00:00,1.8280149844510798,sell@binance_us/buy@okx
2026-09-04 04:06:15+00:00,1.7481552927253852,sell@binance_us/buy@okx
2026-09-04 04:06:18+00:00,0.5100927502931376,sell@binance_us/buy@okx
2026-09-04 04:06:21+00:00,0.5100927502931376,sell@binance_us/buy@okx
2026-09-04 04:06:24+00:00,0.5591255276760244,sell@binance_us/buy@kraken
2026-09-04 04:06:27+00:00,0.6390057071209567,sell@binance_us/buy@coinbase
2026-09-04 04:06:30+00:00,0.3194926456801878,sell@binance_us/buy@kraken
2026-09-04 04:06:33+00:00,0.5591255276760244,sell@binance_us/buy@kraken
2026-09-04 04:06:36+00:00,0.23961757035930728,sell@binance_us/buy@coinbase
2026-09-04 04:06:39+00:00,0.3684761642319076,sell@okx/buy@coinbase
2026-09-04 04:06:42+00:00,0.3684761642319076,sell@okx/buy@coinbase
2026-09-04 04:06:45+00:00,0.439307651142309,sell@binance_us/buy@kraken
2026-09-04 04:06:48+00:00,0.439307651142309,sell@binance_us/buy@kraken
2026-09-04 04:06:51+00:00,0.35943066183223976,sell@binance_us/buy@coinbase
2026-09-04 04:06:54+00:00,0.4792466243079703,sell@binance_us/buy@kraken
2026-09-04 04:06:57+00:00,0.4792466243079703,sell@binance_us/buy@kraken
2026-09-04 04:07:00+00:00,0.4792466243079703,sell@binance_us/buy@kraken
2026-09-04 04:07:03+00:00,0.4792466243079703,sell@binance_us/buy@kraken
2026-09-04 04:07:06+00:00,0.439307651142309,sell@binance_us/buy@kraken
2026-09-04 04:07:09+00:00,0.439307651142309,sell@binance_us/buy@kraken
2026-09-04 04:07:12+00:00,0.439307651142309,sell@binance_us/buy@kraken
2026-09-04 04:07:15+00:00,0.439307651142309,sell@binance_us/buy@kraken
2026-09-04 04:07:18+00:00,0.439307651142309,sell@binance_us/buy@kraken
2026-09-04 04:07:21+00:00,0.439307651142309,sell@binance_us/buy@kraken
2026-09-04 04:07:24+00:00,0.439307651142309,sell@binance_us/buy@kraken
2026-09-04 04:07:27+00:00,0.439307651142309,sell@binance_us/buy@kraken
2026-09-04 04:07:30+00:00,0.439307651142309,sell@binance_us/buy@kraken
2026-09-04 04:07:33+00:00,0.7188957760872751,sell@binance_us/buy@coinbase
2026-09-04 04:07:36+00:00,0.5899683910076452,sell@binance_us/buy@okx
2026-09-04 04:07:39+00:00,0.5899683910076452,sell@binance_us/buy@okx
2026-09-04 04:07:42+00:00,0.43021774755563186,sell@binance_us/buy@okx
2026-09-04 04:07:45+00:00,0.47925236630812273,sell@binance_us/buy@kraken
2026-09-04 04:07:48+00:00,0.47925236630812273,sell@binance_us/buy@kraken
2026-09-04 04:07:51+00:00,0.5899683910076452,sell@binance_us/buy@okx
2026-09-04 04:07:54+00:00,0.909489296640199,sell@binance_us/buy@okx
2026-09-04 04:07:57+00:00,0.909489296640199,sell@binance_us/buy@okx
2026-09-04 04:08:00+00:00,0.909489296640199,sell@binance_us/buy@okx
2026-09-04 04:08:03+00:00,0.909489296640199,sell@binance_us/buy@okx
2026-09-04 04:08:06+00:00,0.909489296640199,sell@binance_us/buy@okx
2026-09-04 04:08:09+00:00,0.909489296640199,sell@binance_us/buy@okx
2026-09-04 04:08:12+00:00,0.909489296640199,sell@binance_us/buy@okx
2026-09-04 04:08:15+00:00,0.909489296640199,sell@binance_us/buy@okx
2026-09-04 04:08:18+00:00,0.909489296640199,sell@binance_us/buy@okx
2026-09-04 04:08:21+00:00,0.909489296640199,sell@binance_us/buy@okx
2026-09-04 04:08:24+00:00,0.909489296640199,sell@binance_us/buy@okx
2026-09-04 04:08:27+00:00,4.425763315978575,sell@coinbase/buy@okx
2026-09-04 04:08:30+00:00,2.507874789307015,sell@kraken/buy@okx
2026-09-04 04:08:33+00:00,2.407845209229628,sell@kraken/buy@okx
2026-09-04 04:08:36+00:00,2.407845209229628,sell@kraken/buy@okx
2026-09-04 04:08:39+00:00,2.407845209229628,sell@kraken/buy@okx
2026-09-04 04:08:42+00:00,2.407845209229628,sell@kraken/buy@okx
2026-09-04 04:08:45+00:00,2.1575490243082402,sell@kraken/buy@coinbase
2026-09-04 04:08:48+00:00,2.5571973117476343,sell@kraken/buy@coinbase
2026-09-04 04:08:51+00:00,0.679127999648742,sell@kraken/buy@binance_us
2026-09-04 04:08:54+00:00,1.2191405351662878,sell@kraken/buy@okx
2026-09-04 04:08:57+00:00,0.3994072795967147,sell@kraken/buy@binance_us
2026-09-04 04:09:00+00:00,0.09056480068412257,sell@kraken/buy@okx
2026-09-04 04:09:03+00:00,0.37014126197219355,sell@binance_us/buy@okx
2026-09-04 04:09:06+00:00,0.7295967121976378,sell@kraken/buy@okx
2026-09-04 04:09:09+00:00,1.0491533455494286,sell@binance_us/buy@okx
2026-09-04 04:09:12+00:00,0.8494343376230027,sell@binance_us/buy@okx
2026-09-04 04:09:15+00:00,0.8494343376230027,sell@binance_us/buy@okx
2026-09-04 04:09:18+00:00,1.0991610917032533,sell@binance_us/buy@okx
2026-09-04 04:09:21+00:00,0.9393844483050654,sell@binance_us/buy@okx
2026-09-04 04:09:24+00:00,1.5684511652164084,sell@coinbase/buy@okx
2026-09-04 04:09:27+00:00,2.1677546646567833,sell@binance_us/buy@okx
2026-09-04 04:09:30+00:00,2.1677546646567833,sell@binance_us/buy@okx
2026-09-04 04:09:33+00:00,2.1677546646567833,sell@binance_us/buy@okx
2026-09-04 04:09:36+00:00,1.8882154001344427,sell@binance_us/buy@okx
2026-09-04 04:09:39+00:00,1.9682364302503004,sell@binance_us/buy@okx
2026-09-04 04:09:42+00:00,2.3678819352467113,sell@kraken/buy@okx
2026-09-04 04:09:45+00:00,2.9673645772551156,sell@kraken/buy@okx
2026-09-04 04:09:48+00:00,1.528726941974244,sell@kraken/buy@okx
2026-09-04 04:09:51+00:00,1.628747730388757,sell@kraken/buy@okx
2026-09-04 04:09:54+00:00,1.628747730388757,sell@kraken/buy@okx
2026-09-04 04:09:57+00:00,2.148213222403377,sell@kraken/buy@okx
2026-09-04 04:10:00+00:00,1.7086619863475807,sell@kraken/buy@okx
2026-09-04 04:10:03+00:00,2.028331781098563,sell@kraken/buy@okx
2026-09-04 04:10:06+00:00,1.9883719392617045,sell@kraken/buy@okx
2026-09-04 04:10:09+00:00,1.3490578909264759,sell@kraken/buy@okx
2026-09-04 04:10:12+00:00,1.3183915622937104,sell@kraken/buy@binance_us
2026-09-04 04:10:15+00:00,1.3183915622937104,sell@kraken/buy@binance_us
2026-09-04 04:10:18+00:00,1.0479114149097435,sell@okx/buy@coinbase
2026-09-04 04:10:21+00:00,0.15060898004365736,sell@coinbase/buy@okx
2026-09-04 04:10:24+00:00,0.39941206544112584,sell@kraken/buy@coinbase
2026-09-04 04:10:27+00:00,0.5283791070545955,sell@okx/buy@kraken
2026-09-04 04:10:30+00:00,0.5991157052194599,sell@kraken/buy@coinbase
2026-09-04 04:10:33+00:00,0.24877700514136694,sell@okx/buy@coinbase
2026-09-04 04:10:36+00:00,0.24877700514136694,sell@okx/buy@coinbase
2026-09-04 04:10:39+00:00,0.48843499239178445,sell@okx/buy@kraken
2026-09-04 04:10:42+00:00,0.48843499239178445,sell@okx/buy@kraken
2026-09-04 04:10:45+00:00,0.48843499239178445,sell@okx/buy@kraken
2026-09-04 04:10:48+00:00,1.029370238253927,sell@binance_us/buy@okx
2026-09-04 04:10:51+00:00,1.6778523489935793,sell@kraken/buy@coinbase
2026-09-04 04:10:54+00:00,1.8776341809312262,sell@kraken/buy@coinbase
2026-09-04 04:10:57+00:00,1.9175915050697052,sell@kraken/buy@coinbase
2026-09-04 04:11:00+00:00,1.9575491484652483,sell@kraken/buy@coinbase
2026-09-04 04:11:03+00:00,1.9975071111253158,sell@kraken/buy@coinbase
2026-09-04 04:11:06+00:00,1.9975071111253158,sell@kraken/buy@coinbase
2026-09-04 04:11:09+00:00,1.9975071111253158,sell@kraken/buy@coinbase
2026-09-04 04:11:12+00:00,3.6269873178028953,sell@kraken/buy@okx
2026-09-04 04:11:15+00:00,3.5870147011571962,sell@kraken/buy@okx
2026-09-04 04:11:18+00:00,3.1073682169995482,sell@kraken/buy@okx
2026-09-04 04:11:21+00:00,3.1073682169995482,sell@kraken/buy@okx
2026-09-04 04:11:24+00:00,0.8787065439682973,sell@binance_us/buy@coinbase
2026-09-04 04:11:27+00:00,0.5990558879210003,sell@kraken/buy@coinbase
2026-09-04 04:11:30+00:00,0.5990558879210003,sell@kraken/buy@coinbase
2026-09-04 04:11:33+00:00,0.5990558879210003,sell@kraken/buy@coinbase
2026-09-04 04:11:36+00:00,0.5990558879210003,sell@kraken/buy@coinbase
2026-09-04 04:11:39+00:00,0.5990558879210003,sell@kraken/buy@coinbase
2026-09-04 04:11:42+00:00,0.5084462886481617,sell@okx/buy@coinbase
2026-09-04 04:11:45+00:00,0.45002025091231834,sell@kraken/buy@okx
2026-09-04 04:11:48+00:00,0.45002025091231834,sell@kraken/buy@okx
2026-09-04 04:11:51+00:00,0.510094983050989,sell@coinbase/buy@okx
2026-09-04 04:11:54+00:00,0.510094983050989,sell@coinbase/buy@okx
2026-09-04 04:11:57+00:00,0.510094983050989,sell@coinbase/buy@okx
2026-09-04 04:12:00+00:00,0.19062718623348204,sell@coinbase/buy@okx
2026-09-04 04:12:03+00:00,0.19062718623348204,sell@coinbase/buy@okx
2026-09-04 04:12:06+00:00,0.359394779192422,sell@kraken/buy@coinbase
2026-09-04 04:12:09+00:00,0.47919303892201875,sell@kraken/buy@coinbase
2026-09-04 04:12:12+00:00,0.48809913593537946,sell@okx/buy@binance_us
2026-09-04 04:12:15+00:00,0.4481443475982124,sell@okx/buy@coinbase
2026-09-04 04:12:18+00:00,0.4481443475982124,sell@okx/buy@coinbase
2026-09-04 04:12:21+00:00,0.4481443475982124,sell@okx/buy@coinbase
2026-09-04 04:12:24+00:00,0.7985593988437582,sell@kraken/buy@coinbase
2026-09-04 04:12:27+00:00,0.31940845554004876,sell@kraken/buy@binance_us
2026-09-04 04:12:30+00:00,0.03992605694159829,sell@coinbase/buy@binance_us
2026-09-04 04:12:33+00:00,0.8074004351909201,sell@okx/buy@coinbase
2026-09-04 04:12:36+00:00,0.43916207875424623,sell@coinbase/buy@binance_us
2026-09-04 04:12:39+00:00,0.32827584967962303,sell@okx/buy@binance_us
2026-09-04 04:12:42+00:00,0.16849753900996045,sell@okx/buy@coinbase
2026-09-04 04:12:45+00:00,0.16849753900996045,sell@okx/buy@coinbase
2026-09-04 04:12:48+00:00,0.4080005428977313,sell@okx/buy@coinbase
2026-09-04 04:12:51+00:00,0.28824043654779546,sell@okx/buy@coinbase
2026-09-04 04:12:54+00:00,0.28824043654779546,sell@okx/buy@coinbase
2026-09-04 04:12:57+00:00,0.08865938022627498,sell@okx/buy@coinbase
2026-09-04 04:13:00+00:00,0.4479411342025608,sell@okx/buy@kraken
2026-09-04 04:13:03+00:00,1.04660383685137,sell@okx/buy@kraken
2026-09-04 04:13:06+00:00,0.6474050804699181,sell@okx/buy@coinbase
2026-09-04 04:13:09+00:00,0.6474050804699181,sell@okx/buy@coinbase
2026-09-04 04:13:12+00:00,0.6474050804699181,sell@okx/buy@coinbase
2026-09-04 04:13:15+00:00,0.34782758813460213,sell@okx/buy@coinbase
2026-09-04 04:13:18+00:00,0.3592412824103125,sell@kraken/buy@coinbase
2026-09-04 04:13:21+00:00,0.518904074593077,sell@kraken/buy@coinbase
2026-09-04 04:13:24+00:00,0.518904074593077,sell@kraken/buy@coinbase
2026-09-04 04:13:27+00:00,0.8382296589586059,sell@kraken/buy@coinbase
2026-09-04 04:13:30+00:00,0.5188315912569259,sell@binance_us/buy@kraken
2026-09-04 04:13:33+00:00,0.39899930973083125,sell@binance_us/buy@kraken
2026-09-04 04:13:36+00:00,0.39899930973083125,sell@binance_us/buy@kraken
2026-09-04 04:13:39+00:00,0.8862325548005008,sell@okx/buy@kraken
2026-09-04 04:13:42+00:00,0.527075578960734,sell@okx/buy@kraken
2026-09-04 04:13:45+00:00,0.598408234097664,sell@coinbase/buy@kraken
2026-09-04 04:13:48+00:00,0.2674593898088655,sell@okx/buy@binance_us
2026-09-04 04:13:51+00:00,0.22743684038425563,sell@okx/buy@binance_us
2026-09-04 04:13:54+00:00,0.46676006844445844,sell@okx/buy@kraken
2026-09-04 04:13:57+00:00,0.1994407680851977,sell@binance_us/buy@kraken
2026-09-04 04:14:00+00:00,0.31911159332389527,sell@coinbase/buy@kraken
2026-09-04 04:14:03+00:00,0.8096147863902798,sell@binance_us/buy@okx
2026-09-04 04:14:06+00:00,0.8096147863902798,sell@binance_us/buy@okx
2026-09-04 04:14:09+00:00,-0.05172135953740624,sell@okx/buy@binance_us
2026-09-04 04:14:12+00:00,0.8656271314886723,sell@okx/buy@coinbase
2026-09-04 04:14:15+00:00,0.4667333426398841,sell@okx/buy@binance_us
2026-09-04 04:14:18+00:00,0.10775613822477216,sell@okx/buy@coinbase
2026-09-04 04:14:21+00:00,0.6661920089984805,sell@okx/buy@kraken
2026-09-04 04:14:24+00:00,0.6263074026641097,sell@okx/buy@kraken
2026-09-04 04:14:27+00:00,0.5065659325315321,sell@okx/buy@coinbase
2026-09-04 04:14:30+00:00,0.5065659325315321,sell@okx/buy@coinbase
2026-09-04 04:14:33+00:00,0.5065659325315321,sell@okx/buy@coinbase
2026-09-04 04:14:36+00:00,0.5065659325315321,sell@okx/buy@coinbase
2026-09-04 04:14:39+00:00,0.5065659325315321,sell@okx/buy@coinbase
2026-09-04 04:14:42+00:00,0.5065659325315321,sell@okx/buy@coinbase
2026-09-04 04:14:45+00:00,0.5065659325315321,sell@okx/buy@coinbase
2026-09-04 04:14:48+00:00,0.5065659325315321,sell@okx/buy@coinbase
2026-09-04 04:14:51+00:00,0.5065659325315321,sell@okx/buy@coinbase
2026-09-04 04:14:54+00:00,0.6262564963675548,sell@okx/buy@coinbase
2026-09-04 04:14:57+00:00,0.5863685495258446,sell@okx/buy@kraken
2026-09-04 04:15:00+00:00,0.42680276477036094,sell@okx/buy@coinbase
2026-09-04 04:15:03+00:00,0.3988544899064439,sell@binance_us/buy@kraken
2026-09-04 04:15:06+00:00,0.17142774964768634,sell@binance_us/buy@okx
2026-09-04 04:15:09+00:00,0.2113122915716564,sell@kraken/buy@okx
2026-09-04 04:15:12+00:00,0.2113122915716564,sell@kraken/buy@okx
2026-09-04 04:15:15+00:00,0.17142774964768634,sell@binance_us/buy@okx
2026-09-04 04:15:18+00:00,1.5276736831911553,sell@kraken/buy@okx
2026-09-04 04:15:21+00:00,1.288306926597998,sell@kraken/buy@okx
2026-09-04 04:15:24+00:00,1.447885825116604,sell@kraken/buy@okx
2026-09-04 04:15:27+00:00,1.447885825116604,sell@kraken/buy@okx
2026-09-04 04:15:30+00:00,1.447885825116604,sell@kraken/buy@okx
2026-09-04 04:15:33+00:00,1.447885825116604,sell@kraken/buy@okx
2026-09-04 04:15:36+00:00,1.2366314160225365,sell@kraken/buy@coinbase
2026-09-04 04:15:39+00:00,1.476014760147166,sell@kraken/buy@coinbase
2026-09-04 04:15:42+00:00,1.476014760147166,sell@kraken/buy@coinbase
2026-09-04 04:15:45+00:00,1.476014760147166,sell@kraken/buy@coinbase
2026-09-04 04:15:48+00:00,1.0488876719949796,sell@kraken/buy@okx
2026-09-04 04:15:51+00:00,1.0488876719949796,sell@kraken/buy@okx
2026-09-04 04:15:54+00:00,0.9052949270148877,sell@okx/buy@coinbase
2026-09-04 04:15:57+00:00,0.9172848368828993,sell@kraken/buy@coinbase
2026-09-04 04:16:00+00:00,0.9970487357422031,sell@kraken/buy@coinbase
2026-09-04 04:16:03+00:00,1.2242400858228106,sell@okx/buy@coinbase
2026-09-04 04:16:06+00:00,0.8653430481115822,sell@okx/buy@coinbase
2026-09-04 04:16:09+00:00,0.9846885516516559,sell@okx/buy@coinbase
2026-09-04 04:16:12+00:00,0.9846885516516559,sell@okx/buy@coinbase
2026-09-04 04:16:15+00:00,1.1839165035305503,sell@okx/buy@binance_us
2026-09-04 04:16:18+00:00,2.2204780055251523,sell@okx/buy@binance_us
2026-09-04 04:16:21+00:00,1.6617119738519504,sell@okx/buy@coinbase
2026-09-04 04:16:24+00:00,0.9963334927466921,sell@binance_us/buy@coinbase
2026-09-04 04:16:27+00:00,1.0041576002486865,sell@okx/buy@coinbase
2026-09-04 04:16:30+00:00,1.6017561687074926,sell@okx/buy@coinbase
2026-09-04 04:16:33+00:00,1.0837407947585829,sell@okx/buy@coinbase
2026-09-04 04:16:36+00:00,0.9242457025364996,sell@okx/buy@coinbase
2026-09-04 04:16:39+00:00,1.0758600903721751,sell@kraken/buy@coinbase
2026-09-04 04:16:42+00:00,1.2124681731058982,sell@okx/buy@binance_us
2026-09-04 04:16:45+00:00,2.457776321189591,sell@okx/buy@binance_us
2026-09-04 04:16:48+00:00,2.457776321189591,sell@okx/buy@binance_us
2026-09-04 04:16:51+00:00,1.5411711973737015,sell@okx/buy@coinbase
2026-09-04 04:16:54+00:00,1.1825501992026979,sell@okx/buy@coinbase
2026-09-04 04:16:57+00:00,0.8764975159273729,sell@binance_us/buy@coinbase
2026-09-04 04:17:00+00:00,1.155415312041673,sell@binance_us/buy@coinbase
2026-09-04 04:17:03+00:00,1.4342629482076785,sell@kraken/buy@coinbase
2026-09-04 04:17:06+00:00,2.828369743612591,sell@kraken/buy@coinbase
2026-09-04 04:17:09+00:00,2.071482065745581,sell@binance_us/buy@coinbase
2026-09-04 04:17:12+00:00,7.573039977679824,sell@binance_us/buy@coinbase
2026-09-04 04:17:15+00:00,2.9497349224707476,sell@binance_us/buy@coinbase
2026-09-04 04:17:18+00:00,2.910848292966984,sell@binance_us/buy@coinbase
2026-09-04 04:17:21+00:00,1.3437929191832034,sell@okx/buy@coinbase
2026-09-04 04:17:24+00:00,0.5184115868981806,sell@binance_us/buy@coinbase
2026-09-04 04:17:27+00:00,0.5184115868981806,sell@binance_us/buy@coinbase
2026-09-04 04:17:30+00:00,1.6226520383409646,sell@okx/buy@binance_us
2026-09-04 04:17:33+00:00,1.9411971311583722,sell@okx/buy@binance_us
2026-09-04 04:17:36+00:00,1.1436125305939604,sell@okx/buy@coinbase
2026-09-04 04:17:39+00:00,0.7174916491955764,sell@binance_us/buy@coinbase
2026-09-04 04:17:42+00:00,1.4075041660613226,sell@binance_us/buy@okx
2026-09-04 04:17:45+00:00,0.4108704498538989,sell@binance_us/buy@okx
2026-09-04 04:17:48+00:00,1.5946674321073966,sell@binance_us/buy@coinbase
2026-09-04 04:17:51+00:00,2.591747874767105,sell@kraken/buy@coinbase
2026-09-04 04:17:54+00:00,2.7512839325020515,sell@kraken/buy@coinbase
2026-09-04 04:17:57+00:00,0.7297855760098251,sell@binance_us/buy@okx
2026-09-04 04:18:00+00:00,0.6257273115100938,sell@okx/buy@coinbase
2026-09-04 04:18:03+00:00,0.6257273115100938,sell@okx/buy@coinbase
2026-09-04 04:18:06+00:00,1.183960375907155,sell@okx/buy@coinbase
2026-09-04 04:18:09+00:00,0.7176890412864029,sell@binance_us/buy@coinbase
2026-09-04 04:18:12+00:00,0.7176890412864029,sell@binance_us/buy@coinbase
2026-09-04 04:18:15+00:00,1.58256730033231,sell@okx/buy@coinbase
2026-09-04 04:18:18+00:00,2.658983677278132,sell@okx/buy@coinbase
2026-09-04 04:18:21+00:00,1.063923745367662,sell@okx/buy@coinbase
2026-09-04 04:18:24+00:00,0.6254781360869451,sell@okx/buy@coinbase
2026-09-04 04:18:27+00:00,0.5456987918682262,sell@okx/buy@coinbase
2026-09-04 04:18:30+00:00,0.9841151687637617,sell@okx/buy@coinbase
2026-09-04 04:18:33+00:00,0.5354753724613285,sell@okx/buy@kraken
2026-09-04 04:18:36+00:00,1.3949447203331489,sell@binance_us/buy@coinbase
2026-09-04 04:18:39+00:00,1.3949447203331489,sell@binance_us/buy@coinbase
2026-09-04 04:18:42+00:00,1.3949447203331489,sell@binance_us/buy@coinbase
2026-09-04 04:18:45+00:00,0.5579311911427334,sell@binance_us/buy@kraken
2026-09-04 04:18:48+00:00,1.3550837561315179,sell@binance_us/buy@coinbase
2026-09-04 04:18:51+00:00,1.913234801741116,sell@binance_us/buy@coinbase
2026-09-04 04:18:54+00:00,1.913234801741116,sell@binance_us/buy@coinbase
2026-09-04 04:18:57+00:00,1.913234801741116,sell@binance_us/buy@coinbase
2026-09-04 04:19:00+00:00,1.5547139724930146,sell@binance_us/buy@coinbase
2026-09-04 04:19:03+00:00,0.8370068634564253,sell@binance_us/buy@coinbase
2026-09-04 04:19:06+00:00,0.9964526286420342,sell@binance_us/buy@coinbase
2026-09-04 04:19:09+00:00,1.3153174698071952,sell@binance_us/buy@coinbase
2026-09-04 04:19:12+00:00,2.0327633624288075,sell@kraken/buy@coinbase
2026-09-04 04:19:15+00:00,1.3026088949098267,sell@okx/buy@coinbase
2026-09-04 04:19:18+00:00,0.8939584744737205,sell@okx/buy@coinbase
2026-09-04 04:19:21+00:00,0.17662475841472602,sell@okx/buy@coinbase
2026-09-04 04:19:24+00:00,0.9563924875379528,sell@binance_us/buy@coinbase
2026-09-04 04:19:27+00:00,0.7969206984223873,sell@binance_us/buy@coinbase
2026-09-04 04:19:30+00:00,0.7969206984223873,sell@binance_us/buy@coinbase
2026-09-04 04:19:33+00:00,0.7969206984223873,sell@binance_us/buy@coinbase
2026-09-04 04:19:36+00:00,1.2750731174747325,sell@binance_us/buy@coinbase
2026-09-04 04:19:39+00:00,1.1824698917577443,sell@okx/buy@kraken
2026-09-04 04:19:42+00:00,1.2350056372029332,sell@binance_us/buy@kraken
2026-09-04 04:19:45+00:00,1.4613240057211903,sell@okx/buy@kraken
2026-09-04 04:19:48+00:00,1.4613240057211903,sell@okx/buy@kraken
2026-09-04 04:19:51+00:00,0.9433441687769055,sell@okx/buy@coinbase
2026-09-04 04:19:54+00:00,0.9433441687769055,sell@okx/buy@coinbase
2026-09-04 04:19:57+00:00,0.9933521360151735,sell@okx/buy@coinbase
2026-09-04 04:20:00+00:00,0.9933521360151735,sell@okx/buy@coinbase
2026-09-04 04:20:03+00:00,0.9933521360151735,sell@okx/buy@coinbase
2026-09-04 04:20:06+00:00,1.2720992670484075,sell@okx/buy@coinbase
2026-09-04 04:20:09+00:00,0.9560229445497996,sell@binance_us/buy@coinbase
2026-09-04 04:20:12+00:00,0.23638326177207855,sell@okx/buy@coinbase
2026-09-04 04:20:15+00:00,3.4623359036451173,sell@okx/buy@binance_us
2026-09-04 04:20:18+00:00,2.9047603874602155,sell@okx/buy@binance_us
2026-09-04 04:20:21+00:00,1.752206186880972,sell@binance_us/buy@coinbase
2026-09-04 04:20:24+00:00,1.51327500587252,sell@binance_us/buy@kraken
2026-09-04 04:20:27+00:00,1.4206215454226434,sell@okx/buy@kraken
2026-09-04 04:20:30+00:00,1.314133707131076,sell@binance_us/buy@kraken
2026-09-04 04:20:33+00:00,0.7963590464407643,sell@kraken/buy@coinbase
2026-09-04 04:20:36+00:00,0.7963590464407643,sell@kraken/buy@coinbase
2026-09-04 04:20:39+00:00,0.2518622137162256,sell@binance_us/buy@okx
2026-09-04 04:20:42+00:00,1.8717493289571565,sell@binance_us/buy@coinbase
2026-09-04 04:20:45+00:00,1.1150003384812315,sell@binance_us/buy@coinbase
2026-09-04 04:20:48+00:00,1.035349211341707,sell@binance_us/buy@coinbase
2026-09-04 04:20:51+00:00,1.327021095419129,sell@binance_us/buy@okx
2026-09-04 04:20:54+00:00,1.327021095419129,sell@binance_us/buy@okx
2026-09-04 04:20:57+00:00,1.327021095419129,sell@binance_us/buy@okx
2026-09-04 04:21:00+00:00,1.035349211341707,sell@binance_us/buy@coinbase
2026-09-04 04:21:03+00:00,0.5972573940469005,sell@kraken/buy@coinbase
2026-09-04 04:21:06+00:00,0.902768288020937,sell@okx/buy@coinbase
2026-09-04 04:21:09+00:00,0.902768288020937,sell@okx/buy@coinbase
2026-09-04 04:21:12+00:00,0.902768288020937,sell@okx/buy@coinbase
2026-09-04 04:21:15+00:00,0.902768288020937,sell@okx/buy@coinbase
2026-09-04 04:21:18+00:00,0.7565260324591658,sell@binance_us/buy@coinbase
2026-09-04 04:21:21+00:00,0.9287638410988988,sell@binance_us/buy@okx
2026-09-04 04:21:24+00:00,0.8759775112674595,sell@binance_us/buy@coinbase
2026-09-04 04:21:27+00:00,0.9157983173202077,sell@binance_us/buy@coinbase
2026-09-04 04:21:30+00:00,0.8759775112674595,sell@binance_us/buy@coinbase
2026-09-04 04:21:33+00:00,0.9157983173202077,sell@binance_us/buy@coinbase
2026-09-04 04:21:36+00:00,0.9157983173202077,sell@binance_us/buy@coinbase
2026-09-04 04:21:39+00:00,1.3141023088394566,sell@binance_us/buy@coinbase
2026-09-04 04:21:42+00:00,1.2742759524223737,sell@binance_us/buy@coinbase
2026-09-04 04:21:45+00:00,1.7522131646963077,sell@binance_us/buy@coinbase
2026-09-04 04:21:48+00:00,1.6725537905248742,sell@binance_us/buy@coinbase
2026-09-04 04:21:51+00:00,1.6725537905248742,sell@binance_us/buy@coinbase
2026-09-04 04:21:54+00:00,1.6725537905248742,sell@binance_us/buy@coinbase
2026-09-04 04:21:57+00:00,1.6725537905248742,sell@binance_us/buy@coinbase
2026-09-04 04:22:00+00:00,1.6725537905248742,sell@binance_us/buy@coinbase
2026-09-04 04:22:03+00:00,0.7565621814477198,sell@binance_us/buy@kraken
2026-09-04 04:22:06+00:00,0.7565621814477198,sell@binance_us/buy@kraken
2026-09-04 04:22:09+00:00,0.7694995938266418,sell@binance_us/buy@okx
2026-09-04 04:22:12+00:00,0.7963844147580896,sell@binance_us/buy@kraken
2026-09-04 04:22:15+00:00,0.7963844147580896,sell@binance_us/buy@kraken
2026-09-04 04:22:18+00:00,0.47778308647830414,sell@binance_us/buy@coinbase
2026-09-04 04:22:21+00:00,2.150023889154179,sell@kraken/buy@coinbase
2026-09-04 04:22:24+00:00,2.0569381742902055,sell@okx/buy@binance_us
2026-09-04 04:22:27+00:00,2.3090091166046705,sell@kraken/buy@binance_us
2026-09-04 04:22:30+00:00,2.136554002946153,sell@okx/buy@binance_us
2026-09-04 04:22:33+00:00,2.388630120625459,sell@kraken/buy@binance_us
2026-09-04 04:22:36+00:00,2.587682630678335,sell@kraken/buy@binance_us
2026-09-04 04:22:39+00:00,2.2293881125838824,sell@kraken/buy@binance_us
2026-09-04 04:22:42+00:00,2.2293881125838824,sell@kraken/buy@binance_us
2026-09-04 04:22:45+00:00,2.1865679366209516,sell@okx/buy@binance_us
2026-09-04 04:22:48+00:00,2.1865679366209516,sell@okx/buy@binance_us
2026-09-04 04:22:51+00:00,1.8312830924799408,sell@coinbase/buy@binance_us
2026-09-04 04:22:54+00:00,2.1446073185963734,sell@okx/buy@binance_us
2026-09-04 04:22:57+00:00,2.1446073185963734,sell@okx/buy@binance_us
2026-09-04 04:23:00+00:00,1.9491859165360041,sell@kraken/buy@binance_us
2026-09-04 04:23:03+00:00,1.1537375127804819,sell@binance_us/buy@kraken
2026-09-04 04:23:06+00:00,0.9945854766650355,sell@binance_us/buy@coinbase
2026-09-04 04:23:09+00:00,6.365448346375509,sell@binance_us/buy@kraken
2026-09-04 04:23:12+00:00,1.9876527014187864,sell@binance_us/buy@kraken
2026-09-04 04:23:15+00:00,1.6695751726224364,sell@binance_us/buy@kraken
2026-09-04 04:23:18+00:00,1.3077590832675576,sell@okx/buy@coinbase
2026-09-04 04:23:21+00:00,0.9102432432443214,sell@okx/buy@kraken
2026-09-04 04:23:24+00:00,0.8307567567580759,sell@okx/buy@kraken
2026-09-04 04:23:27+00:00,0.8705000000002949,sell@okx/buy@kraken
2026-09-04 04:23:30+00:00,0.997506652144625,sell@binance_us/buy@okx
2026-09-04 04:23:33+00:00,1.4707694509255547,sell@binance_us/buy@coinbase
2026-09-04 04:23:36+00:00,0.8385240793298406,sell@binance_us/buy@okx
2026-09-04 04:23:39+00:00,0.8385240793298406,sell@binance_us/buy@okx
2026-09-04 04:23:42+00:00,1.5938113703319965,sell@binance_us/buy@okx
2026-09-04 04:23:45+00:00,1.5438006506851147,sell@binance_us/buy@okx
2026-09-04 04:23:48+00:00,1.510525981047308,sell@binance_us/buy@coinbase
2026-09-04 04:23:51+00:00,1.7153761923701176,sell@okx/buy@kraken
2026-09-04 04:23:54+00:00,1.0333165088200063,sell@kraken/buy@binance_us
2026-09-04 04:23:57+00:00,1.3575563256867527,sell@okx/buy@binance_us
2026-09-04 04:24:00+00:00,1.0333165088200063,sell@kraken/buy@binance_us
2026-09-04 04:24:03+00:00,1.0396302714055445,sell@okx/buy@binance_us
2026-09-04 04:24:06+00:00,1.0396302714055445,sell@okx/buy@binance_us
2026-09-04 04:24:09+00:00,1.0396302714055445,sell@okx/buy@binance_us
2026-09-04 04:24:12+00:00,1.0396302714055445,sell@okx/buy@binance_us
2026-09-04 04:24:15+00:00,1.0396302714055445,sell@okx/buy@binance_us
2026-09-04 04:24:18+00:00,1.0396302714055445,sell@okx/buy@binance_us
2026-09-04 04:24:21+00:00,0.15259160167895033,sell@coinbase/buy@okx
2026-09-04 04:24:24+00:00,1.1924494103344896,sell@binance_us/buy@coinbase
2026-09-04 04:24:27+00:00,2.067150591920549,sell@binance_us/buy@coinbase
2026-09-04 04:24:30+00:00,0.39105163263111636,sell@binance_us/buy@okx
2026-09-04 04:24:33+00:00,0.6820271140378523,sell@okx/buy@coinbase
2026-09-04 04:24:36+00:00,1.1922882794076997,sell@kraken/buy@binance_us
2026-09-04 04:24:39+00:00,1.4307459352910468,sell@kraken/buy@binance_us
2026-09-04 04:24:42+00:00,0.8741189278526073,sell@binance_us/buy@kraken
2026-09-04 04:24:45+00:00,1.3509754837690051,sell@binance_us/buy@coinbase
2026-09-04 04:24:48+00:00,0.9535918626819044,sell@binance_us/buy@coinbase
2026-09-04 04:24:51+00:00,0.8996584569171643,sell@okx/buy@kraken
2026-09-04 04:24:54+00:00,0.7406970229207912,sell@okx/buy@coinbase
2026-09-04 04:24:57+00:00,0.9679142394672215,sell@coinbase/buy@okx
2026-09-04 04:25:00+00:00,1.271592232159795,sell@binance_us/buy@coinbase
2026-09-04 04:25:03+00:00,1.4952887984798926,sell@okx/buy@kraken
2026-09-04 04:25:06+00:00,1.5893134563200677,sell@binance_us/buy@coinbase
2026-09-04 04:25:09+00:00,1.0473869722687008,sell@kraken/buy@okx
2026-09-04 04:25:12+00:00,0.6357657997729301,sell@binance_us/buy@coinbase
2026-09-04 04:25:15+00:00,1.072995485470774,sell@binance_us/buy@coinbase
2026-09-04 04:25:18+00:00,1.8821780463874849,sell@binance_us/buy@okx
2026-09-04 04:25:21+00:00,1.8821780463874849,sell@binance_us/buy@okx
2026-09-04 04:25:24+00:00,1.20650615684674,sell@kraken/buy@okx
2026-09-04 04:25:27+00:00,1.3655072181493666,sell@kraken/buy@okx
2026-09-04 04:25:30+00:00,1.6835245082094834,sell@kraken/buy@okx
2026-09-04 04:25:33+00:00,2.0277685004064216,sell@binance_us/buy@coinbase
2026-09-04 04:25:36+00:00,1.8290985725079978,sell@kraken/buy@coinbase
2026-09-04 04:25:39+00:00,2.7837650820426187,sell@kraken/buy@coinbase
2026-09-04 04:25:42+00:00,1.7100339223001797,sell@kraken/buy@coinbase
2026-09-04 04:25:45+00:00,7.898967893555971,sell@okx/buy@kraken
2026-09-04 04:25:48+00:00,1.5245550453600953,sell@binance_us/buy@okx
2026-09-04 04:25:51+00:00,1.5105079679299647,sell@binance_us/buy@coinbase
2026-09-04 04:25:54+00:00,1.0077761572791473,sell@binance_us/buy@okx
2026-09-04 04:25:57+00:00,1.0077761572791473,sell@binance_us/buy@okx
2026-09-04 04:26:00+00:00,1.0077761572791473,sell@binance_us/buy@okx
2026-09-04 04:26:03+00:00,1.0077761572791473,sell@binance_us/buy@okx
2026-09-04 04:26:06+00:00,0.19872261105504674,sell@coinbase/buy@kraken
2026-09-04 04:26:09+00:00,0.3974547001001945,sell@kraken/buy@coinbase
2026-09-04 04:26:12+00:00,0.5564498499585739,sell@binance_us/buy@coinbase
2026-09-04 04:26:15+00:00,0.2526012076124278,sell@coinbase/buy@okx
2026-09-04 04:26:18+00:00,0.6102956208872904,sell@binance_us/buy@okx
2026-09-04 04:26:21+00:00,0.23847092443232168,sell@binance_us/buy@kraken
2026-09-04 04:26:24+00:00,0.23847092443232168,sell@binance_us/buy@coinbase
2026-09-04 04:26:27+00:00,1.1376128255658031,sell@okx/buy@kraken
2026-09-04 04:26:30+00:00,0.10446713287913621,sell@okx/buy@binance_us
2026-09-04 04:26:33+00:00,0.8192254692896137,sell@okx/buy@binance_us
2026-09-04 04:26:36+00:00,0.769210631195254,sell@binance_us/buy@okx
2026-09-04 04:26:39+00:00,1.4701149470952948,sell@binance_us/buy@coinbase
2026-09-04 04:26:42+00:00,0.9679369742023399,sell@binance_us/buy@okx
2026-09-04 04:26:45+00:00,0.8740772525360155,sell@binance_us/buy@kraken
2026-09-04 04:26:48+00:00,1.3112200704100625,sell@binance_us/buy@coinbase
2026-09-04 04:26:51+00:00,1.2714810767861873,sell@binance_us/buy@coinbase
2026-09-04 04:26:54+00:00,1.206373489077162,sell@binance_us/buy@okx
2026-09-04 04:26:57+00:00,1.1126520458879372,sell@binance_us/buy@kraken
2026-09-04 04:27:00+00:00,0.8742057641941209,sell@binance_us/buy@coinbase
2026-09-04 04:27:03+00:00,1.271364889670016,sell@binance_us/buy@coinbase
2026-09-04 04:27:06+00:00,0.8739383635098951,sell@binance_us/buy@coinbase
2026-09-04 04:27:09+00:00,1.4548922066250911,sell@okx/buy@kraken
2026-09-04 04:27:12+00:00,1.112104061166518,sell@binance_us/buy@coinbase
2026-09-04 04:27:15+00:00,0.7546150668829416,sell@binance_us/buy@kraken
2026-09-04 04:27:18+00:00,0.7546180639679986,sell@binance_us/buy@coinbase
2026-09-04 04:27:21+00:00,2.397539728407445,sell@binance_us/buy@okx
2026-09-04 04:27:24+00:00,1.81104625082833,sell@okx/buy@binance_us
2026-09-04 04:27:27+00:00,0.5008010492806027,sell@okx/buy@coinbase
2026-09-04 04:27:30+00:00,1.8408888152626426,sell@binance_us/buy@okx
2026-09-04 04:27:33+00:00,0.6742072116378982,sell@binance_us/buy@kraken
2026-09-04 04:27:36+00:00,2.577462666444969,sell@binance_us/buy@kraken
2026-09-04 04:27:39+00:00,1.506812378067589,sell@binance_us/buy@coinbase
2026-09-04 04:27:42+00:00,1.6417334167820303,sell@binance_us/buy@okx
2026-09-04 04:27:45+00:00,2.3163147331655214,sell@kraken/buy@okx
2026-09-04 04:27:48+00:00,1.721323664606138,sell@binance_us/buy@okx
2026-09-04 04:27:51+00:00,2.554867504436821,sell@kraken/buy@okx
2026-09-04 04:27:54+00:00,2.5003075775198895,sell@binance_us/buy@coinbase
2026-09-04 04:27:57+00:00,2.5152650608993126,sell@binance_us/buy@okx
2026-09-04 04:28:00+00:00,1.3491528113969506,sell@binance_us/buy@kraken
2026-09-04 04:28:03+00:00,1.3491528113969506,sell@binance_us/buy@kraken
2026-09-04 04:28:06+00:00,1.3246170035412759,sell@binance_us/buy@okx
2026-09-04 04:28:09+00:00,2.4642837310954984,sell@okx/buy@binance_us
2026-09-04 04:28:12+00:00,1.9429640908505492,sell@coinbase/buy@kraken
2026-09-04 04:28:15+00:00,2.2205303895442574,sell@binance_us/buy@kraken
2026-09-04 04:28:18+00:00,0.9914104201200797,sell@kraken/buy@binance_us
2026-09-04 04:28:21+00:00,1.3874793860201902,sell@coinbase/buy@binance_us
2026-09-04 04:28:24+00:00,1.189268045161193,sell@coinbase/buy@binance_us
2026-09-04 04:28:27+00:00,1.1734402625930616,sell@okx/buy@coinbase
2026-09-04 04:28:30+00:00,2.457820626664543,sell@coinbase/buy@binance_us
2026-09-04 04:28:33+00:00,0.7929113723324395,sell@binance_us/buy@kraken
2026-09-04 04:28:36+00:00,0.9672135868328289,sell@binance_us/buy@okx
2026-09-04 04:28:39+00:00,1.8233780853738772,sell@binance_us/buy@kraken
2026-09-04 04:28:42+00:00,1.5692068990109673,sell@okx/buy@binance_us
2026-09-04 04:28:45+00:00,0.8162617011332475,sell@okx/buy@binance_us
2026-09-04 04:28:48+00:00,3.4259627196973246,sell@binance_us/buy@okx
2026-09-04 04:28:51+00:00,1.5224778590079662,sell@binance_us/buy@okx
2026-09-04 04:28:54+00:00,0.9673104353459194,sell@kraken/buy@okx
